# MagicaVoxel @ Ephtracy

# group
o 

# material
mtllib house.mtl
usemtl palette

# normals
vn -1 0 0
vn 1 0 0
vn 0 0 1
vn 0 0 -1
vn 0 -1 0
vn 0 1 0

# texcoords
vt 0.880859 0.5
vt 0.908203 0.5
vt 0.912109 0.5
vt 0.916016 0.5
vt 0.919922 0.5
vt 0.923828 0.5
vt 0.927734 0.5
vt 0.939453 0.5
vt 0.943359 0.5
vt 0.947266 0.5
vt 0.951172 0.5
vt 0.955078 0.5
vt 0.958984 0.5
vt 0.962891 0.5
vt 0.966797 0.5
vt 0.970703 0.5
vt 0.974609 0.5
vt 0.978516 0.5
vt 0.982422 0.5
vt 0.986328 0.5
vt 0.990234 0.5
vt 0.994141 0.5

# verts
v 0 2 0
v 0 2 -4
v 0 2.4 0
v 0 2.4 -4
v 0 2.5 0
v 0 2.5 -0.4
v 0 2.5 -0.5
v 0 2.5 -0.6
v 0 2.5 -0.7
v 0 2.5 -0.8
v 0 2.5 -0.9
v 0 2.5 -1
v 0 2.5 -1.1
v 0 2.5 -1.2
v 0 2.5 -1.3
v 0 2.5 -1.4
v 0 2.5 -1.5
v 0 2.5 -1.6
v 0 2.5 -1.7
v 0 2.5 -1.8
v 0 2.5 -1.9
v 0 2.5 -2
v 0 2.5 -2.1
v 0 2.5 -2.2
v 0 2.5 -2.3
v 0 2.5 -2.4
v 0 2.5 -2.5
v 0 2.5 -2.6
v 0 2.5 -2.7
v 0 2.5 -2.8
v 0 2.5 -2.9
v 0 2.5 -3
v 0 2.5 -3.1
v 0 2.5 -3.2
v 0 2.5 -3.3
v 0 2.5 -3.4
v 0 2.5 -3.5
v 0 2.5 -3.6
v 0 2.5 -3.7
v 0 2.5 -4
v 0 2.8 0
v 0 2.8 -0.4
v 0 2.8 -0.5
v 0 2.8 -0.6
v 0 2.8 -0.7
v 0 2.8 -0.8
v 0 2.8 -0.9
v 0 2.8 -1
v 0 2.8 -1.1
v 0 2.8 -1.2
v 0 2.8 -1.3
v 0 2.8 -1.4
v 0 2.8 -1.5
v 0 2.8 -1.6
v 0 2.8 -1.7
v 0 2.8 -1.8
v 0 2.8 -1.9
v 0 2.8 -2
v 0 2.8 -2.1
v 0 2.8 -2.2
v 0 2.8 -2.3
v 0 2.8 -2.4
v 0 2.8 -2.5
v 0 2.8 -2.6
v 0 2.8 -2.7
v 0 2.8 -2.8
v 0 2.8 -2.9
v 0 2.8 -3
v 0 2.8 -3.1
v 0 2.8 -3.2
v 0 2.8 -3.3
v 0 2.8 -3.4
v 0 2.8 -3.5
v 0 2.8 -3.6
v 0 2.8 -3.7
v 0 2.8 -4
v 0.1 2.5 -3.2
v 0.1 2.5 -3.3
v 0.1 2.5 -3.4
v 0.1 2.5 -3.5
v 0.1 2.8 -2.9
v 0.1 2.8 -3
v 0.1 2.8 -3.1
v 0.1 2.8 -3.2
v 0.1 2.8 -3.3
v 0.1 2.8 -3.4
v 0.1 2.8 -3.5
v 0.1 2.8 -3.6
v 0.1 2.8 -3.7
v 0.1 2.9 -2.9
v 0.1 2.9 -3
v 0.1 2.9 -3.1
v 0.1 2.9 -3.5
v 0.1 2.9 -3.6
v 0.1 2.9 -3.7
v 0.1 3 -3
v 0.1 3 -3.1
v 0.1 3 -3.5
v 0.1 3 -3.6
v 0.1 3.1 -3.1
v 0.1 3.1 -3.2
v 0.1 3.1 -3.4
v 0.1 3.1 -3.5
v 0.1 3.2 -3.2
v 0.1 3.2 -3.4
v 0.2 2.5 -3
v 0.2 2.5 -3.1
v 0.2 2.5 -3.5
v 0.2 2.5 -3.6
v 0.2 2.8 -3
v 0.2 2.8 -3.6
v 0.2 2.9 -3
v 0.2 2.9 -3.1
v 0.2 2.9 -3.5
v 0.2 2.9 -3.6
v 0.4 2.5 0
v 0.4 2.5 -0.1
v 0.4 2.5 -3.9
v 0.4 2.5 -4
v 0.4 2.8 0
v 0.4 2.8 -0.1
v 0.4 2.8 -3.9
v 0.4 2.8 -4
v 0.6 2.5 0
v 0.6 2.5 -0.1
v 0.6 2.5 -0.3
v 0.6 2.5 -0.4
v 0.6 2.5 -0.5
v 0.6 2.5 -0.6
v 0.6 2.5 -0.7
v 0.6 2.5 -0.8
v 0.6 2.5 -3.9
v 0.6 2.5 -4
v 0.6 2.6 -0.3
v 0.6 2.6 -0.4
v 0.6 2.6 -0.5
v 0.6 2.6 -0.6
v 0.6 2.6 -0.7
v 0.6 2.6 -0.8
v 0.6 2.7 -0.3
v 0.6 2.7 -0.4
v 0.6 2.7 -0.5
v 0.6 2.7 -0.6
v 0.6 2.7 -0.7
v 0.6 2.7 -0.8
v 0.6 2.7 -3.1
v 0.6 2.7 -3.5
v 0.6 2.8 0
v 0.6 2.8 -0.1
v 0.6 2.8 -3.9
v 0.6 2.8 -4
v 0.6 2.9 -3.1
v 0.6 2.9 -3.5
v 0.8 2.5 0
v 0.8 2.5 -0.1
v 0.8 2.5 -3.9
v 0.8 2.5 -4
v 0.8 2.8 0
v 0.8 2.8 -0.1
v 0.8 2.8 -1.5
v 0.8 2.8 -2.1
v 0.8 2.8 -3.9
v 0.8 2.8 -4
v 0.8 2.9 -1.6
v 0.8 2.9 -2
v 0.8 3.1 -1.6
v 0.8 3.1 -2
v 0.8 3.2 -1.5
v 0.8 3.2 -2.1
v 0.8 3.3 -1.1
v 0.8 3.3 -1.2
v 0.8 3.3 -2.5
v 0.8 3.3 -2.6
v 0.8 3.4 -1.1
v 0.8 3.4 -1.2
v 0.8 3.4 -1.3
v 0.8 3.4 -2.4
v 0.8 3.4 -2.5
v 0.8 3.4 -2.6
v 0.8 3.5 -1.2
v 0.8 3.5 -1.3
v 0.8 3.5 -1.4
v 0.8 3.5 -2.3
v 0.8 3.5 -2.4
v 0.8 3.5 -2.5
v 0.8 3.6 -1.3
v 0.8 3.6 -1.4
v 0.8 3.6 -1.5
v 0.8 3.6 -2.2
v 0.8 3.6 -2.3
v 0.8 3.6 -2.4
v 0.8 3.7 -1.4
v 0.8 3.7 -1.5
v 0.8 3.7 -1.6
v 0.8 3.7 -2.1
v 0.8 3.7 -2.2
v 0.8 3.7 -2.3
v 0.8 3.8 -1.5
v 0.8 3.8 -1.6
v 0.8 3.8 -1.8
v 0.8 3.8 -1.9
v 0.8 3.8 -2.1
v 0.8 3.8 -2.2
v 0.8 3.9 -1.6
v 0.8 3.9 -1.8
v 0.8 3.9 -1.9
v 0.8 3.9 -2.1
v 0.8 4 -1.8
v 0.8 4 -1.9
v 0.9 2.5 -1.1
v 0.9 2.5 -2.6
v 0.9 2.6 -1.1
v 0.9 2.6 -2.6
v 0.9 2.7 -1.1
v 0.9 2.7 -2.6
v 0.9 2.8 -1.1
v 0.9 2.8 -1.5
v 0.9 2.8 -2.1
v 0.9 2.8 -2.6
v 0.9 2.9 -1.1
v 0.9 2.9 -1.5
v 0.9 2.9 -1.6
v 0.9 2.9 -2
v 0.9 2.9 -2.1
v 0.9 2.9 -2.6
v 0.9 3 -1.1
v 0.9 3 -1.5
v 0.9 3 -2.1
v 0.9 3 -2.6
v 0.9 3.1 -1.1
v 0.9 3.1 -1.5
v 0.9 3.1 -1.6
v 0.9 3.1 -2
v 0.9 3.1 -2.1
v 0.9 3.1 -2.6
v 0.9 3.2 -1.1
v 0.9 3.2 -1.5
v 0.9 3.2 -2.1
v 0.9 3.2 -2.6
v 0.9 3.3 -1.1
v 0.9 3.3 -1.2
v 0.9 3.3 -2.5
v 0.9 3.3 -2.6
v 0.9 3.4 -1.2
v 0.9 3.4 -1.3
v 0.9 3.4 -2.4
v 0.9 3.4 -2.5
v 0.9 3.5 -1.3
v 0.9 3.5 -1.4
v 0.9 3.5 -2.3
v 0.9 3.5 -2.4
v 0.9 3.6 -1.4
v 0.9 3.6 -1.5
v 0.9 3.6 -2.2
v 0.9 3.6 -2.3
v 0.9 3.7 -1.5
v 0.9 3.7 -1.6
v 0.9 3.7 -2.1
v 0.9 3.7 -2.2
v 0.9 3.8 -1.6
v 0.9 3.8 -1.8
v 0.9 3.8 -1.9
v 0.9 3.8 -2.1
v 0.9 3.9 -1.8
v 0.9 3.9 -1.9
v 1 2.5 0
v 1 2.5 -0.1
v 1 2.5 -0.3
v 1 2.5 -0.4
v 1 2.5 -0.5
v 1 2.5 -0.6
v 1 2.5 -0.7
v 1 2.5 -0.8
v 1 2.5 -3.9
v 1 2.5 -4
v 1 2.6 -0.3
v 1 2.6 -0.4
v 1 2.6 -0.5
v 1 2.6 -0.6
v 1 2.6 -0.7
v 1 2.6 -0.8
v 1 2.7 -0.3
v 1 2.7 -0.4
v 1 2.7 -0.5
v 1 2.7 -0.6
v 1 2.7 -0.7
v 1 2.7 -0.8
v 1 2.8 0
v 1 2.8 -0.1
v 1 2.8 -3.9
v 1 2.8 -4
v 1.2 2.5 0
v 1.2 2.5 -0.1
v 1.2 2.5 -3.9
v 1.2 2.5 -4
v 1.2 2.8 0
v 1.2 2.8 -0.1
v 1.2 2.8 -3.9
v 1.2 2.8 -4
v 1.3 2.5 -0.3
v 1.3 2.5 -0.4
v 1.3 2.5 -0.5
v 1.3 2.5 -0.6
v 1.3 2.5 -0.7
v 1.3 2.5 -0.8
v 1.3 2.6 -0.3
v 1.3 2.6 -0.4
v 1.3 2.6 -0.5
v 1.3 2.6 -0.6
v 1.3 2.6 -0.7
v 1.3 2.6 -0.8
v 1.3 2.7 -0.3
v 1.3 2.7 -0.4
v 1.3 2.7 -0.5
v 1.3 2.7 -0.6
v 1.3 2.7 -0.7
v 1.3 2.7 -0.8
v 1.3 2.8 -2.6
v 1.3 2.8 -3.3
v 1.3 2.9 -2.6
v 1.3 2.9 -2.8
v 1.3 2.9 -2.9
v 1.3 2.9 -3.2
v 1.3 3.1 -2.6
v 1.3 3.1 -2.8
v 1.3 3.1 -2.9
v 1.3 3.1 -3.2
v 1.3 3.2 -2.6
v 1.3 3.2 -3.3
v 1.4 2.5 0
v 1.4 2.5 -0.1
v 1.4 2.5 -2.6
v 1.4 2.5 -3.3
v 1.4 2.5 -3.9
v 1.4 2.5 -4
v 1.4 2.6 -2.6
v 1.4 2.6 -3.3
v 1.4 2.7 -2.6
v 1.4 2.7 -3.3
v 1.4 2.8 0
v 1.4 2.8 -0.1
v 1.4 2.8 -2.6
v 1.4 2.8 -3.3
v 1.4 2.8 -3.9
v 1.4 2.8 -4
v 1.4 2.9 -2.6
v 1.4 2.9 -2.8
v 1.4 2.9 -2.9
v 1.4 2.9 -3.2
v 1.4 3 -2.6
v 1.4 3.1 -2.6
v 1.4 3.1 -2.8
v 1.4 3.1 -2.9
v 1.4 3.1 -3.2
v 1.4 3.2 -2.6
v 1.4 3.2 -3.3
v 1.4 3.3 -2.6
v 1.4 3.3 -3.3
v 1.4 3.3 -3.4
v 1.4 3.4 -2.6
v 1.4 3.4 -3.4
v 1.5 3.4 -2.5
v 1.5 3.4 -3.4
v 1.5 3.5 -2.5
v 1.5 3.5 -3.4
v 1.5 4.2 -1.1
v 1.5 4.2 -1.5
v 1.5 4.3 -1.4
v 1.5 4.3 -1.5
v 1.5 4.5 -1.1
v 1.5 4.5 -1.4
v 1.5 4.7 -0.9
v 1.5 4.7 -1.1
v 1.5 4.8 -0.9
v 1.5 4.8 -1.1
v 1.6 2.5 0
v 1.6 2.5 -0.1
v 1.6 2.5 -0.3
v 1.6 2.5 -0.4
v 1.6 2.5 -0.5
v 1.6 2.5 -0.6
v 1.6 2.5 -0.7
v 1.6 2.5 -0.8
v 1.6 2.5 -3.9
v 1.6 2.5 -4
v 1.6 2.6 -0.3
v 1.6 2.6 -0.4
v 1.6 2.6 -0.5
v 1.6 2.6 -0.6
v 1.6 2.6 -0.7
v 1.6 2.6 -0.8
v 1.6 2.7 -0.3
v 1.6 2.7 -0.4
v 1.6 2.7 -0.5
v 1.6 2.7 -0.6
v 1.6 2.7 -0.7
v 1.6 2.7 -0.8
v 1.6 2.7 -3.3
v 1.6 2.7 -3.4
v 1.6 2.8 0
v 1.6 2.8 -0.1
v 1.6 2.8 -1
v 1.6 2.8 -1.1
v 1.6 2.8 -3.3
v 1.6 2.8 -3.4
v 1.6 2.8 -3.9
v 1.6 2.8 -4
v 1.6 2.9 -1.1
v 1.6 3 -1.1
v 1.6 3.1 -1.1
v 1.6 3.1 -3.3
v 1.6 3.1 -3.4
v 1.6 3.2 -1
v 1.6 3.2 -1.1
v 1.6 3.2 -3.3
v 1.6 3.4 -3.3
v 1.6 3.4 -3.4
v 1.6 3.5 -2.4
v 1.6 3.5 -3.4
v 1.6 3.6 -1.3
v 1.6 3.6 -1.4
v 1.6 3.6 -2.4
v 1.6 3.6 -3.4
v 1.6 3.7 -1.4
v 1.6 3.7 -1.5
v 1.6 3.8 -1.5
v 1.6 4.1 -1.3
v 1.6 4.1 -1.5
v 1.6 4.2 -1.3
v 1.6 4.2 -1.5
v 1.6 4.3 -1
v 1.6 4.3 -1.1
v 1.6 4.5 -1.1
v 1.6 4.5 -1.3
v 1.6 4.6 -0.9
v 1.6 4.6 -1
v 1.6 4.6 -1.2
v 1.6 4.6 -1.3
v 1.6 4.7 -0.9
v 1.6 4.7 -1.1
v 1.6 4.7 -1.2
v 1.7 3.1 -3.4
v 1.7 3.1 -3.6
v 1.7 3.2 -3.4
v 1.7 3.2 -3.6
v 1.7 3.6 -2.4
v 1.7 3.6 -3.4
v 1.7 3.7 -2.4
v 1.7 3.7 -3.4
v 1.8 2.5 0
v 1.8 2.5 -0.1
v 1.8 2.5 -3.9
v 1.8 2.5 -4
v 1.8 2.7 -3.3
v 1.8 2.7 -3.4
v 1.8 2.8 0
v 1.8 2.8 -0.1
v 1.8 2.8 -3.3
v 1.8 2.8 -3.4
v 1.8 2.8 -3.9
v 1.8 2.8 -4
v 1.9 2.5 -0.3
v 1.9 2.5 -0.4
v 1.9 2.5 -0.5
v 1.9 2.5 -0.6
v 1.9 2.5 -0.7
v 1.9 2.5 -0.8
v 1.9 2.6 -0.3
v 1.9 2.6 -0.4
v 1.9 2.6 -0.5
v 1.9 2.6 -0.6
v 1.9 2.6 -0.7
v 1.9 2.6 -0.8
v 1.9 2.7 -0.3
v 1.9 2.7 -0.4
v 1.9 2.7 -0.5
v 1.9 2.7 -0.6
v 1.9 2.7 -0.7
v 1.9 2.7 -0.8
v 1.9 3.5 -3.3
v 1.9 3.5 -3.4
v 1.9 3.6 -3.3
v 1.9 3.6 -3.4
v 2 2.5 0
v 2 2.5 -0.1
v 2 2.5 -3.9
v 2 2.5 -4
v 2 2.8 0
v 2 2.8 -0.1
v 2 2.8 -3.9
v 2 2.8 -4
v 2 2.9 -1
v 2 2.9 -1.1
v 2 3.1 -1
v 2 3.1 -1.1
v 2 3.4 -3.3
v 2 3.4 -3.4
v 2 3.5 -3.3
v 2 3.5 -3.4
v 2.1 2.6 -2.5
v 2.1 2.6 -3.2
v 2.1 2.7 -2.6
v 2.1 2.7 -3.2
v 2.1 2.8 -2.6
v 2.1 2.8 -3.2
v 2.1 2.9 -2.5
v 2.1 2.9 -2.6
v 2.1 2.9 -2.8
v 2.1 2.9 -2.9
v 2.1 2.9 -3.2
v 2.1 3 -3.2
v 2.1 3.1 -2.5
v 2.1 3.1 -2.6
v 2.1 3.1 -2.8
v 2.1 3.1 -2.9
v 2.1 3.1 -3.2
v 2.1 3.2 -2.5
v 2.1 3.2 -2.6
v 2.1 3.2 -3.2
v 2.1 3.3 -3.3
v 2.1 3.3 -3.4
v 2.1 3.4 -3.3
v 2.1 3.4 -3.4
v 2.2 2.5 0
v 2.2 2.5 -0.1
v 2.2 2.5 -3.9
v 2.2 2.5 -4
v 2.2 2.8 0
v 2.2 2.8 -0.1
v 2.2 2.8 -3.9
v 2.2 2.8 -4
v 2.4 2.5 0
v 2.4 2.5 -0.1
v 2.4 2.5 -3.9
v 2.4 2.5 -4
v 2.4 2.8 0
v 2.4 2.8 -0.1
v 2.4 2.8 -3.9
v 2.4 2.8 -4
v 2.5 2.5 -3
v 2.5 2.5 -3.8
v 2.5 2.7 -3
v 2.5 2.7 -3.8
v 2.6 2.5 0
v 2.6 2.5 -0.1
v 2.6 2.5 -3.9
v 2.6 2.5 -4
v 2.6 2.7 -3.5
v 2.6 2.7 -3.6
v 2.6 2.8 0
v 2.6 2.8 -0.1
v 2.6 2.8 -3.5
v 2.6 2.8 -3.6
v 2.6 2.8 -3.9
v 2.6 2.8 -4
v 2.8 2.5 0
v 2.8 2.5 -0.1
v 2.8 2.5 -3.9
v 2.8 2.5 -4
v 2.8 2.6 -1.2
v 2.8 2.6 -1.7
v 2.8 2.6 -2
v 2.8 2.6 -2.5
v 2.8 2.7 -1.2
v 2.8 2.7 -1.6
v 2.8 2.7 -1.7
v 2.8 2.7 -1.8
v 2.8 2.7 -1.9
v 2.8 2.7 -2
v 2.8 2.7 -2.1
v 2.8 2.7 -2.5
v 2.8 2.8 0
v 2.8 2.8 -0.1
v 2.8 2.8 -1.2
v 2.8 2.8 -1.3
v 2.8 2.8 -1.5
v 2.8 2.8 -1.7
v 2.8 2.8 -1.8
v 2.8 2.8 -1.9
v 2.8 2.8 -2
v 2.8 2.8 -2.2
v 2.8 2.8 -2.4
v 2.8 2.8 -2.5
v 2.8 2.8 -3.9
v 2.8 2.8 -4
v 2.8 2.9 -1.2
v 2.8 2.9 -1.7
v 2.8 2.9 -1.8
v 2.8 2.9 -1.9
v 2.8 2.9 -2
v 2.8 2.9 -2.5
v 2.8 3 -1.2
v 2.8 3 -1.3
v 2.8 3 -1.5
v 2.8 3 -2.2
v 2.8 3 -2.4
v 2.8 3 -2.5
v 2.8 3.1 -1.2
v 2.8 3.1 -1.6
v 2.8 3.1 -1.7
v 2.8 3.1 -1.8
v 2.8 3.1 -1.9
v 2.8 3.1 -2
v 2.8 3.1 -2.1
v 2.8 3.1 -2.5
v 2.8 3.2 -1.2
v 2.8 3.2 -1.6
v 2.8 3.2 -2.1
v 2.8 3.2 -2.5
v 2.9 2.7 -3.3
v 2.9 2.7 -3.4
v 2.9 2.8 -3.3
v 2.9 2.8 -3.4
v 3 2.5 0
v 3 2.5 -0.1
v 3 2.5 -3.9
v 3 2.5 -4
v 3 2.8 0
v 3 2.8 -0.1
v 3 2.8 -3.9
v 3 2.8 -4
v 3.1 2.5 -0.5
v 3.1 2.5 -0.6
v 3.1 2.5 -0.7
v 3.1 2.5 -0.8
v 3.1 2.5 -1
v 3.1 2.5 -1.1
v 3.1 2.7 -0.8
v 3.1 2.7 -1
v 3.1 2.7 -1.1
v 3.1 2.7 -1.6
v 3.1 2.7 -1.7
v 3.1 2.7 -2
v 3.1 2.7 -2.1
v 3.1 2.8 -0.7
v 3.1 2.8 -0.9
v 3.1 2.8 -1
v 3.1 2.8 -1.1
v 3.1 2.8 -1.2
v 3.1 2.9 -0.5
v 3.1 2.9 -0.6
v 3.1 2.9 -0.7
v 3.1 2.9 -0.9
v 3.1 2.9 -1
v 3.1 2.9 -1.1
v 3.1 2.9 -1.2
v 3.1 3 -1
v 3.1 3 -1.1
v 3.1 3 -1.2
v 3.1 3.1 -1.6
v 3.1 3.1 -1.7
v 3.1 3.1 -2
v 3.1 3.1 -2.1
v 3.2 2.5 0
v 3.2 2.5 -0.1
v 3.2 2.5 -3.9
v 3.2 2.5 -4
v 3.2 2.8 0
v 3.2 2.8 -0.1
v 3.2 2.8 -1.2
v 3.2 2.8 -1.3
v 3.2 2.8 -3.9
v 3.2 2.8 -4
v 3.2 2.9 -1.2
v 3.2 2.9 -1.3
v 3.3 2.5 -0.7
v 3.3 2.5 -0.8
v 3.3 2.5 -1
v 3.3 2.5 -1.1
v 3.3 2.6 -1
v 3.3 2.6 -1.1
v 3.3 2.7 -0.7
v 3.3 2.7 -0.8
v 3.3 2.7 -1
v 3.3 2.7 -1.1
v 3.4 2.5 0
v 3.4 2.5 -0.1
v 3.4 2.5 -3.9
v 3.4 2.5 -4
v 3.4 2.8 0
v 3.4 2.8 -0.1
v 3.4 2.8 -3.9
v 3.4 2.8 -4
v 3.6 2.5 0
v 3.6 2.5 -0.1
v 3.6 2.5 -3.9
v 3.6 2.5 -4
v 3.6 2.8 0
v 3.6 2.8 -0.1
v 3.6 2.8 -3.9
v 3.6 2.8 -4
v 3.8 2.5 0
v 3.8 2.5 -0.1
v 3.8 2.5 -3.9
v 3.8 2.5 -4
v 3.8 2.6 0
v 3.8 2.6 -0.1
v 3.8 2.8 -3.9
v 3.8 2.8 -4
v 3.9 2.5 -0.2
v 3.9 2.5 -0.3
v 3.9 2.5 -0.4
v 3.9 2.5 -0.5
v 3.9 2.5 -0.6
v 3.9 2.5 -0.7
v 3.9 2.5 -0.8
v 3.9 2.5 -0.9
v 3.9 2.5 -1
v 3.9 2.5 -1.1
v 3.9 2.5 -1.2
v 3.9 2.5 -1.3
v 3.9 2.5 -1.4
v 3.9 2.5 -1.5
v 3.9 2.5 -1.6
v 3.9 2.5 -1.7
v 3.9 2.5 -2.4
v 3.9 2.5 -2.5
v 3.9 2.5 -2.6
v 3.9 2.5 -2.7
v 3.9 2.5 -2.8
v 3.9 2.5 -2.9
v 3.9 2.5 -3
v 3.9 2.5 -3.1
v 3.9 2.5 -3.2
v 3.9 2.5 -3.3
v 3.9 2.5 -3.4
v 3.9 2.5 -3.5
v 3.9 2.5 -3.6
v 3.9 2.5 -3.7
v 3.9 2.5 -3.8
v 3.9 2.5 -3.9
v 3.9 2.6 0
v 3.9 2.6 -0.1
v 3.9 2.8 0
v 3.9 2.8 -0.1
v 3.9 2.8 -0.2
v 3.9 2.8 -0.3
v 3.9 2.8 -0.4
v 3.9 2.8 -0.5
v 3.9 2.8 -0.6
v 3.9 2.8 -0.7
v 3.9 2.8 -0.8
v 3.9 2.8 -0.9
v 3.9 2.8 -1
v 3.9 2.8 -1.1
v 3.9 2.8 -1.2
v 3.9 2.8 -1.3
v 3.9 2.8 -1.4
v 3.9 2.8 -1.5
v 3.9 2.8 -1.6
v 3.9 2.8 -1.7
v 3.9 2.8 -2.4
v 3.9 2.8 -2.5
v 3.9 2.8 -2.6
v 3.9 2.8 -2.7
v 3.9 2.8 -2.8
v 3.9 2.8 -2.9
v 3.9 2.8 -3
v 3.9 2.8 -3.1
v 3.9 2.8 -3.2
v 3.9 2.8 -3.3
v 3.9 2.8 -3.4
v 3.9 2.8 -3.5
v 3.9 2.8 -3.6
v 3.9 2.8 -3.7
v 3.9 2.8 -3.8
v 3.9 2.8 -3.9
v 0.1 2.5 -0.1
v 0.1 2.5 -0.4
v 0.1 2.5 -0.5
v 0.1 2.5 -0.6
v 0.1 2.5 -0.7
v 0.1 2.5 -0.8
v 0.1 2.5 -0.9
v 0.1 2.5 -1
v 0.1 2.5 -1.1
v 0.1 2.5 -1.2
v 0.1 2.5 -1.3
v 0.1 2.5 -1.4
v 0.1 2.5 -1.5
v 0.1 2.5 -1.6
v 0.1 2.5 -1.7
v 0.1 2.5 -1.8
v 0.1 2.5 -1.9
v 0.1 2.5 -2
v 0.1 2.5 -2.1
v 0.1 2.5 -2.2
v 0.1 2.5 -2.3
v 0.1 2.5 -2.4
v 0.1 2.5 -2.5
v 0.1 2.5 -2.6
v 0.1 2.5 -2.7
v 0.1 2.5 -2.8
v 0.1 2.5 -2.9
v 0.1 2.5 -3
v 0.1 2.5 -3.5
v 0.1 2.5 -3.6
v 0.1 2.5 -3.7
v 0.1 2.5 -3.9
v 0.1 2.8 -0.1
v 0.1 2.8 -0.4
v 0.1 2.8 -0.5
v 0.1 2.8 -0.6
v 0.1 2.8 -0.7
v 0.1 2.8 -0.8
v 0.1 2.8 -0.9
v 0.1 2.8 -1
v 0.1 2.8 -1.1
v 0.1 2.8 -1.2
v 0.1 2.8 -1.3
v 0.1 2.8 -1.4
v 0.1 2.8 -1.5
v 0.1 2.8 -1.6
v 0.1 2.8 -1.7
v 0.1 2.8 -1.8
v 0.1 2.8 -1.9
v 0.1 2.8 -2
v 0.1 2.8 -2.1
v 0.1 2.8 -2.2
v 0.1 2.8 -2.3
v 0.1 2.8 -2.4
v 0.1 2.8 -2.5
v 0.1 2.8 -2.6
v 0.1 2.8 -2.7
v 0.1 2.8 -2.8
v 0.1 2.8 -2.9
v 0.1 2.8 -3
v 0.1 2.8 -3.5
v 0.1 2.8 -3.6
v 0.1 2.8 -3.7
v 0.1 2.8 -3.9
v 0.2 2.7 -3.1
v 0.2 2.7 -3.5
v 0.2 2.9 -3.1
v 0.2 2.9 -3.5
v 0.2 3 -3.1
v 0.2 3 -3.2
v 0.2 3 -3.4
v 0.2 3 -3.5
v 0.2 3.1 -3.2
v 0.2 3.1 -3.4
v 0.3 2.5 0
v 0.3 2.5 -0.1
v 0.3 2.5 -3.9
v 0.3 2.5 -4
v 0.3 2.8 0
v 0.3 2.8 -0.1
v 0.3 2.8 -3.9
v 0.3 2.8 -4
v 0.5 2.5 0
v 0.5 2.5 -0.1
v 0.5 2.5 -3.9
v 0.5 2.5 -4
v 0.5 2.8 0
v 0.5 2.8 -0.1
v 0.5 2.8 -3.9
v 0.5 2.8 -4
v 0.6 2.5 -3
v 0.6 2.5 -3.1
v 0.6 2.5 -3.5
v 0.6 2.5 -3.6
v 0.6 2.8 -3
v 0.6 2.8 -3.6
v 0.6 2.9 -3
v 0.6 2.9 -3.1
v 0.6 2.9 -3.5
v 0.6 2.9 -3.6
v 0.7 2.5 0
v 0.7 2.5 -0.1
v 0.7 2.5 -0.3
v 0.7 2.5 -0.4
v 0.7 2.5 -0.5
v 0.7 2.5 -0.6
v 0.7 2.5 -0.7
v 0.7 2.5 -0.8
v 0.7 2.5 -3.1
v 0.7 2.5 -3.5
v 0.7 2.5 -3.9
v 0.7 2.5 -4
v 0.7 2.6 -0.3
v 0.7 2.6 -0.4
v 0.7 2.6 -0.5
v 0.7 2.6 -0.6
v 0.7 2.6 -0.7
v 0.7 2.6 -0.8
v 0.7 2.7 -0.3
v 0.7 2.7 -0.4
v 0.7 2.7 -0.5
v 0.7 2.7 -0.6
v 0.7 2.7 -0.7
v 0.7 2.7 -0.8
v 0.7 2.8 0
v 0.7 2.8 -0.1
v 0.7 2.8 -2.9
v 0.7 2.8 -3
v 0.7 2.8 -3.6
v 0.7 2.8 -3.7
v 0.7 2.8 -3.9
v 0.7 2.8 -4
v 0.7 2.9 -2.9
v 0.7 2.9 -3
v 0.7 2.9 -3.1
v 0.7 2.9 -3.5
v 0.7 2.9 -3.6
v 0.7 2.9 -3.7
v 0.7 3 -3
v 0.7 3 -3.1
v 0.7 3 -3.2
v 0.7 3 -3.4
v 0.7 3 -3.5
v 0.7 3 -3.6
v 0.7 3.1 -3.1
v 0.7 3.1 -3.2
v 0.7 3.1 -3.4
v 0.7 3.1 -3.5
v 0.7 3.2 -3.2
v 0.7 3.2 -3.4
v 0.9 2.5 0
v 0.9 2.5 -0.1
v 0.9 2.5 -3.9
v 0.9 2.5 -4
v 0.9 2.8 0
v 0.9 2.8 -0.1
v 0.9 2.8 -3.9
v 0.9 2.8 -4
v 1 2.6 -1.2
v 1 2.6 -2.5
v 1 2.7 -1.2
v 1 2.7 -2.5
v 1 2.8 -1.2
v 1 2.8 -1.5
v 1 2.8 -2.1
v 1 2.8 -2.5
v 1 2.9 -1.2
v 1 2.9 -1.5
v 1 2.9 -1.6
v 1 2.9 -2
v 1 2.9 -2.1
v 1 2.9 -2.5
v 1 3 -1.2
v 1 3 -1.5
v 1 3 -2.1
v 1 3 -2.5
v 1 3.1 -1.2
v 1 3.1 -1.5
v 1 3.1 -1.6
v 1 3.1 -2
v 1 3.1 -2.1
v 1 3.1 -2.5
v 1 3.2 -1.2
v 1 3.2 -1.5
v 1 3.2 -2.1
v 1 3.2 -2.5
v 1.1 2.5 0
v 1.1 2.5 -0.1
v 1.1 2.5 -0.3
v 1.1 2.5 -0.4
v 1.1 2.5 -0.5
v 1.1 2.5 -0.6
v 1.1 2.5 -0.7
v 1.1 2.5 -0.8
v 1.1 2.5 -3.9
v 1.1 2.5 -4
v 1.1 2.6 -0.3
v 1.1 2.6 -0.4
v 1.1 2.6 -0.5
v 1.1 2.6 -0.6
v 1.1 2.6 -0.7
v 1.1 2.6 -0.8
v 1.1 2.7 -0.3
v 1.1 2.7 -0.4
v 1.1 2.7 -0.5
v 1.1 2.7 -0.6
v 1.1 2.7 -0.7
v 1.1 2.7 -0.8
v 1.1 2.8 0
v 1.1 2.8 -0.1
v 1.1 2.8 -3.9
v 1.1 2.8 -4
v 1.3 2.5 0
v 1.3 2.5 -0.1
v 1.3 2.5 -3.9
v 1.3 2.5 -4
v 1.3 2.8 0
v 1.3 2.8 -0.1
v 1.3 2.8 -3.9
v 1.3 2.8 -4
v 1.4 2.5 -0.3
v 1.4 2.5 -0.4
v 1.4 2.5 -0.5
v 1.4 2.5 -0.6
v 1.4 2.5 -0.7
v 1.4 2.5 -0.8
v 1.4 2.6 -0.3
v 1.4 2.6 -0.4
v 1.4 2.6 -0.5
v 1.4 2.6 -0.6
v 1.4 2.6 -0.7
v 1.4 2.6 -0.8
v 1.4 2.7 -0.3
v 1.4 2.7 -0.4
v 1.4 2.7 -0.5
v 1.4 2.7 -0.6
v 1.4 2.7 -0.7
v 1.4 2.7 -0.8
v 1.5 2.5 0
v 1.5 2.5 -0.1
v 1.5 2.5 -3.9
v 1.5 2.5 -4
v 1.5 2.6 -2.5
v 1.5 2.6 -3.2
v 1.5 2.7 -2.6
v 1.5 2.7 -3.2
v 1.5 2.8 0
v 1.5 2.8 -0.1
v 1.5 2.8 -2.5
v 1.5 2.8 -2.6
v 1.5 2.8 -3.2
v 1.5 2.8 -3.9
v 1.5 2.8 -4
v 1.5 2.9 -2.6
v 1.5 2.9 -2.8
v 1.5 2.9 -2.9
v 1.5 2.9 -3.2
v 1.5 3 -3.2
v 1.5 3.1 -2.5
v 1.5 3.1 -2.6
v 1.5 3.1 -2.8
v 1.5 3.1 -2.9
v 1.5 3.1 -3.2
v 1.5 3.2 -2.5
v 1.5 3.2 -2.6
v 1.5 3.2 -3.2
v 1.5 3.3 -3.3
v 1.5 3.3 -3.4
v 1.5 3.4 -3.3
v 1.5 3.4 -3.4
v 1.6 3.4 -3.3
v 1.6 3.4 -3.4
v 1.6 3.5 -3.3
v 1.6 3.5 -3.4
v 1.7 2.5 0
v 1.7 2.5 -0.1
v 1.7 2.5 -0.3
v 1.7 2.5 -0.4
v 1.7 2.5 -0.5
v 1.7 2.5 -0.6
v 1.7 2.5 -0.7
v 1.7 2.5 -0.8
v 1.7 2.5 -3.9
v 1.7 2.5 -4
v 1.7 2.6 -0.3
v 1.7 2.6 -0.4
v 1.7 2.6 -0.5
v 1.7 2.6 -0.6
v 1.7 2.6 -0.7
v 1.7 2.6 -0.8
v 1.7 2.7 -0.3
v 1.7 2.7 -0.4
v 1.7 2.7 -0.5
v 1.7 2.7 -0.6
v 1.7 2.7 -0.7
v 1.7 2.7 -0.8
v 1.7 2.7 -3.3
v 1.7 2.7 -3.4
v 1.7 2.8 0
v 1.7 2.8 -0.1
v 1.7 2.8 -3.3
v 1.7 2.8 -3.4
v 1.7 2.8 -3.9
v 1.7 2.8 -4
v 1.7 2.9 -1
v 1.7 2.9 -1.1
v 1.7 3.1 -1
v 1.7 3.1 -1.1
v 1.7 3.5 -3.3
v 1.7 3.5 -3.4
v 1.7 3.6 -3.3
v 1.7 3.6 -3.4
v 1.8 3.6 -1.3
v 1.8 3.6 -1.4
v 1.8 3.7 -1.4
v 1.8 3.7 -1.5
v 1.8 3.8 -1.5
v 1.8 4.1 -1.3
v 1.8 4.1 -1.5
v 1.8 4.2 -1.1
v 1.8 4.2 -1.3
v 1.8 4.2 -1.5
v 1.8 4.3 -1
v 1.8 4.3 -1.1
v 1.8 4.3 -1.2
v 1.8 4.3 -1.3
v 1.8 4.4 -1.1
v 1.8 4.4 -1.2
v 1.8 4.4 -1.3
v 1.8 4.4 -1.4
v 1.8 4.5 -1.1
v 1.8 4.5 -1.3
v 1.8 4.5 -1.4
v 1.8 4.6 -0.9
v 1.8 4.6 -1
v 1.8 4.6 -1.2
v 1.8 4.6 -1.3
v 1.8 4.7 -1.1
v 1.8 4.7 -1.2
v 1.8 4.8 -0.9
v 1.8 4.8 -1.1
v 1.9 2.5 0
v 1.9 2.5 -0.1
v 1.9 2.5 -3.9
v 1.9 2.5 -4
v 1.9 2.7 -3.3
v 1.9 2.7 -3.4
v 1.9 2.8 0
v 1.9 2.8 -0.1
v 1.9 2.8 -3.3
v 1.9 2.8 -3.4
v 1.9 2.8 -3.9
v 1.9 2.8 -4
v 1.9 3.1 -3.4
v 1.9 3.1 -3.6
v 1.9 3.2 -3.4
v 1.9 3.2 -3.6
v 1.9 3.6 -2.4
v 1.9 3.6 -3.4
v 1.9 3.7 -2.4
v 1.9 3.7 -3.4
v 1.9 4.2 -1.3
v 1.9 4.2 -1.5
v 1.9 4.3 -1.2
v 1.9 4.3 -1.3
v 1.9 4.3 -1.4
v 1.9 4.3 -1.5
v 1.9 4.4 -1.1
v 1.9 4.4 -1.2
v 1.9 4.4 -1.3
v 1.9 4.4 -1.4
v 1.9 4.5 -1.1
v 1.9 4.5 -1.3
v 2 2.5 -0.3
v 2 2.5 -0.4
v 2 2.5 -0.5
v 2 2.5 -0.6
v 2 2.5 -0.7
v 2 2.5 -0.8
v 2 2.6 -0.3
v 2 2.6 -0.4
v 2 2.6 -0.5
v 2 2.6 -0.6
v 2 2.6 -0.7
v 2 2.6 -0.8
v 2 2.7 -0.3
v 2 2.7 -0.4
v 2 2.7 -0.5
v 2 2.7 -0.6
v 2 2.7 -0.7
v 2 2.7 -0.8
v 2 3.1 -3.3
v 2 3.1 -3.4
v 2 3.2 -3.3
v 2 3.4 -3.3
v 2 3.4 -3.4
v 2 3.5 -2.4
v 2 3.5 -3.4
v 2 3.6 -2.4
v 2 3.6 -3.4
v 2.1 2.5 0
v 2.1 2.5 -0.1
v 2.1 2.5 -3.9
v 2.1 2.5 -4
v 2.1 2.8 0
v 2.1 2.8 -0.1
v 2.1 2.8 -1
v 2.1 2.8 -1.1
v 2.1 2.8 -3.9
v 2.1 2.8 -4
v 2.1 2.9 -1.1
v 2.1 3 -1.1
v 2.1 3.1 -1.1
v 2.1 3.2 -1
v 2.1 3.2 -1.1
v 2.1 3.4 -2.5
v 2.1 3.4 -3.4
v 2.1 3.5 -2.5
v 2.1 3.5 -3.4
v 2.2 2.5 -2.6
v 2.2 2.5 -3.3
v 2.2 2.6 -2.6
v 2.2 2.6 -3.3
v 2.2 2.7 -2.6
v 2.2 2.7 -3.3
v 2.2 2.8 -2.6
v 2.2 2.8 -3.3
v 2.2 2.9 -2.6
v 2.2 2.9 -2.8
v 2.2 2.9 -2.9
v 2.2 2.9 -3.2
v 2.2 3 -2.6
v 2.2 3.1 -2.6
v 2.2 3.1 -2.8
v 2.2 3.1 -2.9
v 2.2 3.1 -3.2
v 2.2 3.2 -2.6
v 2.2 3.2 -3.3
v 2.2 3.3 -2.6
v 2.2 3.3 -3.3
v 2.2 3.3 -3.4
v 2.2 3.4 -2.6
v 2.2 3.4 -3.4
v 2.3 2.5 0
v 2.3 2.5 -0.1
v 2.3 2.5 -3.9
v 2.3 2.5 -4
v 2.3 2.8 0
v 2.3 2.8 -0.1
v 2.3 2.8 -2.6
v 2.3 2.8 -3.3
v 2.3 2.8 -3.9
v 2.3 2.8 -4
v 2.3 2.9 -2.6
v 2.3 2.9 -2.8
v 2.3 2.9 -2.9
v 2.3 2.9 -3.2
v 2.3 3.1 -2.6
v 2.3 3.1 -2.8
v 2.3 3.1 -2.9
v 2.3 3.1 -3.2
v 2.3 3.2 -2.6
v 2.3 3.2 -3.3
v 2.5 2.5 0
v 2.5 2.5 -0.1
v 2.5 2.5 -3.9
v 2.5 2.5 -4
v 2.5 2.8 0
v 2.5 2.8 -0.1
v 2.5 2.8 -3.9
v 2.5 2.8 -4
v 2.7 2.5 0
v 2.7 2.5 -0.1
v 2.7 2.5 -3.9
v 2.7 2.5 -4
v 2.7 2.7 -3.5
v 2.7 2.7 -3.6
v 2.7 2.8 0
v 2.7 2.8 -0.1
v 2.7 2.8 -3.5
v 2.7 2.8 -3.6
v 2.7 2.8 -3.9
v 2.7 2.8 -4
v 2.9 2.5 0
v 2.9 2.5 -0.1
v 2.9 2.5 -1.1
v 2.9 2.5 -1.6
v 2.9 2.5 -2.1
v 2.9 2.5 -2.3
v 2.9 2.5 -2.6
v 2.9 2.5 -3.9
v 2.9 2.5 -4
v 2.9 2.6 -1.1
v 2.9 2.6 -1.6
v 2.9 2.6 -1.7
v 2.9 2.6 -2
v 2.9 2.6 -2.1
v 2.9 2.6 -2.6
v 2.9 2.7 -1.1
v 2.9 2.7 -1.2
v 2.9 2.7 -1.6
v 2.9 2.7 -1.7
v 2.9 2.7 -1.8
v 2.9 2.7 -1.9
v 2.9 2.7 -2
v 2.9 2.7 -2.1
v 2.9 2.7 -2.5
v 2.9 2.7 -2.6
v 2.9 2.8 0
v 2.9 2.8 -0.1
v 2.9 2.8 -1.1
v 2.9 2.8 -1.2
v 2.9 2.8 -1.3
v 2.9 2.8 -1.5
v 2.9 2.8 -1.7
v 2.9 2.8 -1.8
v 2.9 2.8 -1.9
v 2.9 2.8 -2
v 2.9 2.8 -2.2
v 2.9 2.8 -2.4
v 2.9 2.8 -2.5
v 2.9 2.8 -2.6
v 2.9 2.8 -3.9
v 2.9 2.8 -4
v 2.9 2.9 -1.1
v 2.9 2.9 -1.2
v 2.9 2.9 -1.7
v 2.9 2.9 -1.8
v 2.9 2.9 -1.9
v 2.9 2.9 -2
v 2.9 2.9 -2.5
v 2.9 2.9 -2.6
v 2.9 3 -1.1
v 2.9 3 -1.2
v 2.9 3 -1.3
v 2.9 3 -1.5
v 2.9 3 -2.2
v 2.9 3 -2.4
v 2.9 3 -2.5
v 2.9 3 -2.6
v 2.9 3.1 -1.1
v 2.9 3.1 -1.2
v 2.9 3.1 -1.6
v 2.9 3.1 -1.7
v 2.9 3.1 -1.8
v 2.9 3.1 -1.9
v 2.9 3.1 -2
v 2.9 3.1 -2.1
v 2.9 3.1 -2.5
v 2.9 3.1 -2.6
v 2.9 3.2 -1.1
v 2.9 3.2 -1.6
v 2.9 3.2 -1.7
v 2.9 3.2 -1.8
v 2.9 3.2 -1.9
v 2.9 3.2 -2
v 2.9 3.2 -2.1
v 2.9 3.2 -2.6
v 2.9 3.3 -1.1
v 2.9 3.3 -1.3
v 2.9 3.3 -1.7
v 2.9 3.3 -1.8
v 2.9 3.3 -1.9
v 2.9 3.3 -2
v 2.9 3.3 -2.4
v 2.9 3.3 -2.6
v 2.9 3.4 -1.3
v 2.9 3.4 -1.6
v 2.9 3.4 -1.8
v 2.9 3.4 -1.9
v 2.9 3.4 -2.1
v 2.9 3.4 -2.4
v 2.9 3.5 -1.3
v 2.9 3.5 -1.4
v 2.9 3.5 -1.6
v 2.9 3.5 -1.7
v 2.9 3.5 -1.8
v 2.9 3.5 -1.9
v 2.9 3.5 -2
v 2.9 3.5 -2.1
v 2.9 3.5 -2.3
v 2.9 3.5 -2.4
v 2.9 3.6 -1.4
v 2.9 3.6 -1.5
v 2.9 3.6 -1.6
v 2.9 3.6 -2.1
v 2.9 3.6 -2.2
v 2.9 3.6 -2.3
v 2.9 3.7 -1.5
v 2.9 3.7 -1.6
v 2.9 3.7 -1.7
v 2.9 3.7 -1.8
v 2.9 3.7 -1.9
v 2.9 3.7 -2
v 2.9 3.7 -2.1
v 2.9 3.7 -2.2
v 2.9 3.8 -1.8
v 2.9 3.8 -1.9
v 2.9 3.9 -1.8
v 2.9 3.9 -1.9
v 3 2.7 -1.2
v 3 2.7 -1.6
v 3 2.7 -2.1
v 3 2.7 -2.5
v 3 2.7 -3.3
v 3 2.7 -3.4
v 3 2.8 -1.3
v 3 2.8 -1.5
v 3 2.8 -1.7
v 3 2.8 -1.8
v 3 2.8 -1.9
v 3 2.8 -2
v 3 2.8 -2.2
v 3 2.8 -2.4
v 3 2.8 -3.3
v 3 2.8 -3.4
v 3 2.9 -1.7
v 3 2.9 -1.8
v 3 2.9 -1.9
v 3 2.9 -2
v 3 3 -1.3
v 3 3 -1.5
v 3 3 -2.2
v 3 3 -2.4
v 3 3.1 -1.2
v 3 3.1 -1.6
v 3 3.1 -2.1
v 3 3.1 -2.5
v 3 3.3 -1.1
v 3 3.3 -1.3
v 3 3.3 -2.4
v 3 3.3 -2.6
v 3 3.4 -1.1
v 3 3.4 -1.2
v 3 3.4 -1.6
v 3 3.4 -1.8
v 3 3.4 -1.9
v 3 3.4 -2.1
v 3 3.4 -2.5
v 3 3.4 -2.6
v 3 3.5 -1.2
v 3 3.5 -1.3
v 3 3.5 -1.4
v 3 3.5 -1.7
v 3 3.5 -1.8
v 3 3.5 -1.9
v 3 3.5 -2
v 3 3.5 -2.3
v 3 3.5 -2.4
v 3 3.5 -2.5
v 3 3.6 -1.3
v 3 3.6 -1.4
v 3 3.6 -1.5
v 3 3.6 -2.2
v 3 3.6 -2.3
v 3 3.6 -2.4
v 3 3.7 -1.4
v 3 3.7 -1.5
v 3 3.7 -1.6
v 3 3.7 -1.7
v 3 3.7 -1.8
v 3 3.7 -1.9
v 3 3.7 -2
v 3 3.7 -2.1
v 3 3.7 -2.2
v 3 3.7 -2.3
v 3 3.8 -1.5
v 3 3.8 -1.6
v 3 3.8 -1.8
v 3 3.8 -1.9
v 3 3.8 -2.1
v 3 3.8 -2.2
v 3 3.9 -1.6
v 3 3.9 -1.8
v 3 3.9 -1.9
v 3 3.9 -2.1
v 3 4 -1.8
v 3 4 -1.9
v 3.1 2.5 0
v 3.1 2.5 -0.1
v 3.1 2.5 -1.7
v 3.1 2.5 -2
v 3.1 2.5 -3.9
v 3.1 2.5 -4
v 3.1 2.6 -1.7
v 3.1 2.6 -2
v 3.1 2.8 0
v 3.1 2.8 -0.1
v 3.1 2.8 -3.9
v 3.1 2.8 -4
v 3.2 2.5 -0.5
v 3.2 2.5 -0.6
v 3.2 2.5 -0.7
v 3.2 2.5 -0.8
v 3.2 2.5 -1
v 3.2 2.5 -1.1
v 3.2 2.5 -1.6
v 3.2 2.5 -1.7
v 3.2 2.5 -2
v 3.2 2.5 -2.1
v 3.2 2.7 -0.7
v 3.2 2.7 -0.8
v 3.2 2.7 -1
v 3.2 2.7 -1.1
v 3.2 2.9 -0.5
v 3.2 2.9 -0.6
v 3.2 3.1 -1.6
v 3.2 3.1 -1.7
v 3.2 3.1 -2
v 3.2 3.1 -2.1
v 3.2 3.2 -1.6
v 3.2 3.2 -1.7
v 3.2 3.2 -1.8
v 3.2 3.2 -1.9
v 3.2 3.2 -2
v 3.2 3.2 -2.1
v 3.2 3.3 -1.7
v 3.2 3.3 -1.8
v 3.2 3.3 -1.9
v 3.2 3.3 -2
v 3.2 3.4 -1.8
v 3.2 3.4 -1.9
v 3.3 2.5 0
v 3.3 2.5 -0.1
v 3.3 2.5 -3
v 3.3 2.5 -3.8
v 3.3 2.5 -3.9
v 3.3 2.5 -4
v 3.3 2.7 -3
v 3.3 2.7 -3.8
v 3.3 2.8 0
v 3.3 2.8 -0.1
v 3.3 2.8 -1.2
v 3.3 2.8 -1.3
v 3.3 2.8 -3.9
v 3.3 2.8 -4
v 3.3 2.9 -1.2
v 3.3 2.9 -1.3
v 3.4 2.5 -0.7
v 3.4 2.5 -0.8
v 3.4 2.5 -1
v 3.4 2.5 -1.1
v 3.4 2.6 -1
v 3.4 2.6 -1.1
v 3.4 2.7 -0.7
v 3.4 2.7 -0.8
v 3.4 2.7 -0.9
v 3.4 2.7 -1
v 3.4 2.7 -1.1
v 3.4 2.8 -0.7
v 3.4 2.8 -0.8
v 3.4 2.8 -0.9
v 3.4 2.8 -1
v 3.4 2.8 -1.1
v 3.4 2.8 -1.2
v 3.4 2.9 -0.7
v 3.4 2.9 -0.8
v 3.4 2.9 -0.9
v 3.4 2.9 -1
v 3.4 2.9 -1.1
v 3.4 2.9 -1.2
v 3.4 3 -1
v 3.4 3 -1.1
v 3.4 3 -1.2
v 3.5 2.5 0
v 3.5 2.5 -0.1
v 3.5 2.5 -3.9
v 3.5 2.5 -4
v 3.5 2.8 0
v 3.5 2.8 -0.1
v 3.5 2.8 -3.9
v 3.5 2.8 -4
v 3.7 2.5 0
v 3.7 2.5 -0.1
v 3.7 2.5 -3.9
v 3.7 2.5 -4
v 3.7 2.8 0
v 3.7 2.8 -0.1
v 3.7 2.8 -3.9
v 3.7 2.8 -4
v 4 2 0
v 4 2 -4
v 4 2.4 0
v 4 2.4 -1.7
v 4 2.4 -2.3
v 4 2.4 -4
v 4 2.5 0
v 4 2.5 -0.1
v 4 2.5 -0.2
v 4 2.5 -0.3
v 4 2.5 -0.4
v 4 2.5 -0.5
v 4 2.5 -0.6
v 4 2.5 -0.7
v 4 2.5 -0.8
v 4 2.5 -0.9
v 4 2.5 -1
v 4 2.5 -1.1
v 4 2.5 -1.2
v 4 2.5 -1.3
v 4 2.5 -1.4
v 4 2.5 -1.5
v 4 2.5 -1.6
v 4 2.5 -1.7
v 4 2.5 -2.3
v 4 2.5 -2.4
v 4 2.5 -2.5
v 4 2.5 -2.6
v 4 2.5 -2.7
v 4 2.5 -2.8
v 4 2.5 -2.9
v 4 2.5 -3
v 4 2.5 -3.1
v 4 2.5 -3.2
v 4 2.5 -3.3
v 4 2.5 -3.4
v 4 2.5 -3.5
v 4 2.5 -3.6
v 4 2.5 -3.7
v 4 2.5 -3.8
v 4 2.5 -4
v 4 2.8 0
v 4 2.8 -0.1
v 4 2.8 -0.2
v 4 2.8 -0.3
v 4 2.8 -0.4
v 4 2.8 -0.5
v 4 2.8 -0.6
v 4 2.8 -0.7
v 4 2.8 -0.8
v 4 2.8 -0.9
v 4 2.8 -1
v 4 2.8 -1.1
v 4 2.8 -1.2
v 4 2.8 -1.3
v 4 2.8 -1.4
v 4 2.8 -1.5
v 4 2.8 -1.6
v 4 2.8 -1.7
v 4 2.8 -2.4
v 4 2.8 -2.5
v 4 2.8 -2.6
v 4 2.8 -2.7
v 4 2.8 -2.8
v 4 2.8 -2.9
v 4 2.8 -3
v 4 2.8 -3.1
v 4 2.8 -3.2
v 4 2.8 -3.3
v 4 2.8 -3.4
v 4 2.8 -3.5
v 4 2.8 -3.6
v 4 2.8 -3.7
v 4 2.8 -3.8
v 4 2.8 -4
v 0 2 0
v 0 2.4 0
v 0 2.5 0
v 0 2.8 0
v 0.3 2.5 0
v 0.3 2.8 0
v 0.4 2.5 0
v 0.4 2.8 0
v 0.5 2.5 0
v 0.5 2.8 0
v 0.6 2.5 0
v 0.6 2.8 0
v 0.7 2.5 0
v 0.7 2.8 0
v 0.8 2.5 0
v 0.8 2.8 0
v 0.9 2.5 0
v 0.9 2.8 0
v 1 2.5 0
v 1 2.8 0
v 1.1 2.5 0
v 1.1 2.8 0
v 1.2 2.5 0
v 1.2 2.8 0
v 1.3 2.5 0
v 1.3 2.8 0
v 1.4 2.5 0
v 1.4 2.8 0
v 1.5 2.5 0
v 1.5 2.8 0
v 1.6 2.5 0
v 1.6 2.8 0
v 1.7 2.5 0
v 1.7 2.8 0
v 1.8 2.5 0
v 1.8 2.8 0
v 1.9 2.5 0
v 1.9 2.8 0
v 2 2.5 0
v 2 2.8 0
v 2.1 2.5 0
v 2.1 2.8 0
v 2.2 2.5 0
v 2.2 2.8 0
v 2.3 2.5 0
v 2.3 2.8 0
v 2.4 2.5 0
v 2.4 2.8 0
v 2.5 2.5 0
v 2.5 2.8 0
v 2.6 2.5 0
v 2.6 2.8 0
v 2.7 2.5 0
v 2.7 2.8 0
v 2.8 2.5 0
v 2.8 2.8 0
v 2.9 2.5 0
v 2.9 2.8 0
v 3 2.5 0
v 3 2.8 0
v 3.1 2.5 0
v 3.1 2.8 0
v 3.2 2.5 0
v 3.2 2.8 0
v 3.3 2.5 0
v 3.3 2.8 0
v 3.4 2.5 0
v 3.4 2.8 0
v 3.5 2.5 0
v 3.5 2.8 0
v 3.6 2.5 0
v 3.6 2.8 0
v 3.7 2.5 0
v 3.7 2.8 0
v 3.8 2.5 0
v 3.8 2.6 0
v 3.9 2.6 0
v 3.9 2.8 0
v 4 2 0
v 4 2.4 0
v 4 2.5 0
v 4 2.8 0
v 3.9 2.5 -0.2
v 3.9 2.8 -0.2
v 4 2.5 -0.2
v 4 2.8 -0.2
v 0.6 2.5 -0.3
v 0.6 2.6 -0.3
v 0.6 2.7 -0.3
v 0.7 2.5 -0.3
v 0.7 2.6 -0.3
v 0.7 2.7 -0.3
v 1 2.5 -0.3
v 1 2.6 -0.3
v 1 2.7 -0.3
v 1.1 2.5 -0.3
v 1.1 2.6 -0.3
v 1.1 2.7 -0.3
v 1.3 2.5 -0.3
v 1.3 2.6 -0.3
v 1.3 2.7 -0.3
v 1.4 2.5 -0.3
v 1.4 2.6 -0.3
v 1.4 2.7 -0.3
v 1.6 2.5 -0.3
v 1.6 2.6 -0.3
v 1.6 2.7 -0.3
v 1.7 2.5 -0.3
v 1.7 2.6 -0.3
v 1.7 2.7 -0.3
v 1.9 2.5 -0.3
v 1.9 2.6 -0.3
v 1.9 2.7 -0.3
v 2 2.5 -0.3
v 2 2.6 -0.3
v 2 2.7 -0.3
v 3.9 2.5 -0.4
v 3.9 2.8 -0.4
v 4 2.5 -0.4
v 4 2.8 -0.4
v 0 2.5 -0.5
v 0 2.8 -0.5
v 0.1 2.5 -0.5
v 0.1 2.8 -0.5
v 0.6 2.5 -0.5
v 0.6 2.6 -0.5
v 0.6 2.7 -0.5
v 0.7 2.5 -0.5
v 0.7 2.6 -0.5
v 0.7 2.7 -0.5
v 1 2.5 -0.5
v 1 2.6 -0.5
v 1 2.7 -0.5
v 1.1 2.5 -0.5
v 1.1 2.6 -0.5
v 1.1 2.7 -0.5
v 1.3 2.5 -0.5
v 1.3 2.6 -0.5
v 1.3 2.7 -0.5
v 1.4 2.5 -0.5
v 1.4 2.6 -0.5
v 1.4 2.7 -0.5
v 1.6 2.5 -0.5
v 1.6 2.6 -0.5
v 1.6 2.7 -0.5
v 1.7 2.5 -0.5
v 1.7 2.6 -0.5
v 1.7 2.7 -0.5
v 1.9 2.5 -0.5
v 1.9 2.6 -0.5
v 1.9 2.7 -0.5
v 2 2.5 -0.5
v 2 2.6 -0.5
v 2 2.7 -0.5
v 3.1 2.5 -0.5
v 3.1 2.9 -0.5
v 3.2 2.5 -0.5
v 3.2 2.9 -0.5
v 3.9 2.5 -0.6
v 3.9 2.8 -0.6
v 4 2.5 -0.6
v 4 2.8 -0.6
v 0 2.5 -0.7
v 0 2.8 -0.7
v 0.1 2.5 -0.7
v 0.1 2.8 -0.7
v 0.6 2.5 -0.7
v 0.6 2.6 -0.7
v 0.6 2.7 -0.7
v 0.7 2.5 -0.7
v 0.7 2.6 -0.7
v 0.7 2.7 -0.7
v 1 2.5 -0.7
v 1 2.6 -0.7
v 1 2.7 -0.7
v 1.1 2.5 -0.7
v 1.1 2.6 -0.7
v 1.1 2.7 -0.7
v 1.3 2.5 -0.7
v 1.3 2.6 -0.7
v 1.3 2.7 -0.7
v 1.4 2.5 -0.7
v 1.4 2.6 -0.7
v 1.4 2.7 -0.7
v 1.6 2.5 -0.7
v 1.6 2.6 -0.7
v 1.6 2.7 -0.7
v 1.7 2.5 -0.7
v 1.7 2.6 -0.7
v 1.7 2.7 -0.7
v 1.9 2.5 -0.7
v 1.9 2.6 -0.7
v 1.9 2.7 -0.7
v 2 2.5 -0.7
v 2 2.6 -0.7
v 2 2.7 -0.7
v 3.1 2.5 -0.7
v 3.1 2.8 -0.7
v 3.1 2.9 -0.7
v 3.2 2.5 -0.7
v 3.2 2.7 -0.7
v 3.2 2.8 -0.7
v 3.2 2.9 -0.7
v 3.3 2.5 -0.7
v 3.3 2.7 -0.7
v 3.3 2.8 -0.7
v 3.4 2.5 -0.7
v 3.4 2.7 -0.7
v 3.4 2.8 -0.7
v 3.4 2.9 -0.7
v 3.9 2.5 -0.8
v 3.9 2.8 -0.8
v 4 2.5 -0.8
v 4 2.8 -0.8
v 0 2.5 -0.9
v 0 2.8 -0.9
v 0.1 2.5 -0.9
v 0.1 2.8 -0.9
v 1.5 4.7 -0.9
v 1.5 4.8 -0.9
v 1.6 4.6 -0.9
v 1.6 4.7 -0.9
v 1.8 4.6 -0.9
v 1.8 4.8 -0.9
v 1.6 2.8 -1
v 1.6 3.2 -1
v 1.6 4.3 -1
v 1.6 4.6 -1
v 1.7 2.9 -1
v 1.7 3.1 -1
v 1.8 4.3 -1
v 1.8 4.6 -1
v 2 2.9 -1
v 2 3.1 -1
v 2.1 2.8 -1
v 2.1 3.2 -1
v 3.1 2.5 -1
v 3.1 2.7 -1
v 3.1 2.9 -1
v 3.1 3 -1
v 3.2 2.5 -1
v 3.2 2.7 -1
v 3.2 2.9 -1
v 3.3 2.5 -1
v 3.3 2.6 -1
v 3.3 2.7 -1
v 3.3 2.9 -1
v 3.4 2.5 -1
v 3.4 2.6 -1
v 3.4 2.7 -1
v 3.4 2.9 -1
v 3.4 3 -1
v 3.9 2.5 -1
v 3.9 2.8 -1
v 4 2.5 -1
v 4 2.8 -1
v 0 2.5 -1.1
v 0 2.8 -1.1
v 0.1 2.5 -1.1
v 0.1 2.8 -1.1
v 0.8 3.3 -1.1
v 0.8 3.4 -1.1
v 0.9 2.5 -1.1
v 0.9 2.6 -1.1
v 0.9 2.7 -1.1
v 0.9 2.8 -1.1
v 0.9 2.9 -1.1
v 0.9 3 -1.1
v 0.9 3.1 -1.1
v 0.9 3.2 -1.1
v 0.9 3.3 -1.1
v 1.5 4.2 -1.1
v 1.5 4.5 -1.1
v 1.6 2.8 -1.1
v 1.6 2.9 -1.1
v 1.6 3 -1.1
v 1.6 3.1 -1.1
v 1.6 3.2 -1.1
v 1.6 4.3 -1.1
v 1.6 4.5 -1.1
v 1.7 2.9 -1.1
v 1.7 3.1 -1.1
v 1.8 4.2 -1.1
v 1.8 4.3 -1.1
v 1.8 4.4 -1.1
v 1.8 4.5 -1.1
v 1.9 4.4 -1.1
v 1.9 4.5 -1.1
v 2 2.9 -1.1
v 2 3.1 -1.1
v 2.1 2.8 -1.1
v 2.1 2.9 -1.1
v 2.1 3 -1.1
v 2.1 3.1 -1.1
v 2.1 3.2 -1.1
v 2.9 2.5 -1.1
v 2.9 2.6 -1.1
v 2.9 2.7 -1.1
v 2.9 2.8 -1.1
v 2.9 2.9 -1.1
v 2.9 3 -1.1
v 2.9 3.1 -1.1
v 2.9 3.2 -1.1
v 2.9 3.3 -1.1
v 3 3.3 -1.1
v 3 3.4 -1.1
v 0.8 3.4 -1.2
v 0.8 3.5 -1.2
v 1.8 4.3 -1.2
v 1.8 4.4 -1.2
v 1.9 4.3 -1.2
v 1.9 4.4 -1.2
v 2.9 2.7 -1.2
v 2.9 2.8 -1.2
v 2.9 2.9 -1.2
v 2.9 3 -1.2
v 2.9 3.1 -1.2
v 3 2.7 -1.2
v 3 3.1 -1.2
v 3 3.4 -1.2
v 3 3.5 -1.2
v 3.9 2.5 -1.2
v 3.9 2.8 -1.2
v 4 2.5 -1.2
v 4 2.8 -1.2
v 0 2.5 -1.3
v 0 2.8 -1.3
v 0.1 2.5 -1.3
v 0.1 2.8 -1.3
v 0.8 3.5 -1.3
v 0.8 3.6 -1.3
v 1.6 3.6 -1.3
v 1.6 4.1 -1.3
v 1.6 4.2 -1.3
v 1.8 3.6 -1.3
v 1.8 4.1 -1.3
v 1.8 4.2 -1.3
v 1.8 4.3 -1.3
v 1.9 4.2 -1.3
v 1.9 4.3 -1.3
v 3 3.5 -1.3
v 3 3.6 -1.3
v 0.8 3.6 -1.4
v 0.8 3.7 -1.4
v 1.6 3.6 -1.4
v 1.6 3.7 -1.4
v 1.8 3.6 -1.4
v 1.8 3.7 -1.4
v 3 3.6 -1.4
v 3 3.7 -1.4
v 3.9 2.5 -1.4
v 3.9 2.8 -1.4
v 4 2.5 -1.4
v 4 2.8 -1.4
v 0 2.5 -1.5
v 0 2.8 -1.5
v 0.1 2.5 -1.5
v 0.1 2.8 -1.5
v 0.8 2.8 -1.5
v 0.8 3.2 -1.5
v 0.8 3.7 -1.5
v 0.8 3.8 -1.5
v 0.9 2.8 -1.5
v 0.9 2.9 -1.5
v 0.9 3 -1.5
v 0.9 3.1 -1.5
v 0.9 3.2 -1.5
v 1.6 3.7 -1.5
v 1.6 3.8 -1.5
v 1.8 3.7 -1.5
v 1.8 3.8 -1.5
v 2.9 2.8 -1.5
v 2.9 3 -1.5
v 3 2.8 -1.5
v 3 3 -1.5
v 3 3.7 -1.5
v 3 3.8 -1.5
v 0.8 3.8 -1.6
v 0.8 3.9 -1.6
v 2.9 2.5 -1.6
v 2.9 2.6 -1.6
v 2.9 2.7 -1.6
v 2.9 3.1 -1.6
v 2.9 3.2 -1.6
v 2.9 3.4 -1.6
v 2.9 3.5 -1.6
v 2.9 3.6 -1.6
v 2.9 3.7 -1.6
v 3 2.7 -1.6
v 3 3.1 -1.6
v 3 3.4 -1.6
v 3 3.7 -1.6
v 3 3.8 -1.6
v 3 3.9 -1.6
v 3.1 2.7 -1.6
v 3.1 3.1 -1.6
v 3.2 2.5 -1.6
v 3.2 3.1 -1.6
v 3.2 3.2 -1.6
v 3.9 2.5 -1.6
v 3.9 2.8 -1.6
v 4 2.5 -1.6
v 4 2.8 -1.6
v 0 2.5 -1.7
v 0 2.8 -1.7
v 0.1 2.5 -1.7
v 0.1 2.8 -1.7
v 2.9 2.8 -1.7
v 2.9 2.9 -1.7
v 2.9 3.2 -1.7
v 2.9 3.3 -1.7
v 3 2.8 -1.7
v 3 2.9 -1.7
v 3.2 3.2 -1.7
v 3.2 3.3 -1.7
v 0.8 3.9 -1.8
v 0.8 4 -1.8
v 2.9 3.3 -1.8
v 2.9 3.4 -1.8
v 2.9 3.5 -1.8
v 2.9 3.7 -1.8
v 3 3.4 -1.8
v 3 3.5 -1.8
v 3 3.7 -1.8
v 3 3.9 -1.8
v 3 4 -1.8
v 3.2 3.3 -1.8
v 3.2 3.4 -1.8
v 0 2.5 -1.9
v 0 2.8 -1.9
v 0.1 2.5 -1.9
v 0.1 2.8 -1.9
v 0.8 3.8 -1.9
v 0.8 3.9 -1.9
v 0.9 3.8 -1.9
v 0.9 3.9 -1.9
v 2.9 2.8 -1.9
v 2.9 2.9 -1.9
v 2.9 3.2 -1.9
v 2.9 3.3 -1.9
v 2.9 3.8 -1.9
v 2.9 3.9 -1.9
v 3 2.8 -1.9
v 3 2.9 -1.9
v 3 3.8 -1.9
v 3 3.9 -1.9
v 3.2 3.2 -1.9
v 3.2 3.3 -1.9
v 0.8 2.9 -2
v 0.8 3.1 -2
v 0.9 2.9 -2
v 0.9 3.1 -2
v 2.9 2.6 -2
v 2.9 2.7 -2
v 2.9 3.1 -2
v 2.9 3.2 -2
v 2.9 3.5 -2
v 2.9 3.7 -2
v 3 3.5 -2
v 3 3.7 -2
v 3.1 2.5 -2
v 3.1 2.6 -2
v 3.1 2.7 -2
v 3.1 3.1 -2
v 3.2 2.5 -2
v 3.2 3.1 -2
v 3.2 3.2 -2
v 0 2.5 -2.1
v 0 2.8 -2.1
v 0.1 2.5 -2.1
v 0.1 2.8 -2.1
v 0.8 3.7 -2.1
v 0.8 3.8 -2.1
v 0.9 3.7 -2.1
v 0.9 3.8 -2.1
v 2.9 2.7 -2.1
v 2.9 3.1 -2.1
v 3 2.7 -2.1
v 3 3.1 -2.1
v 0.8 3.6 -2.2
v 0.8 3.7 -2.2
v 0.9 3.6 -2.2
v 0.9 3.7 -2.2
v 2.9 3.6 -2.2
v 2.9 3.7 -2.2
v 3 3.6 -2.2
v 3 3.7 -2.2
v 0 2.5 -2.3
v 0 2.8 -2.3
v 0.1 2.5 -2.3
v 0.1 2.8 -2.3
v 0.8 3.5 -2.3
v 0.8 3.6 -2.3
v 0.9 3.5 -2.3
v 0.9 3.6 -2.3
v 2.9 3.5 -2.3
v 2.9 3.6 -2.3
v 3 3.5 -2.3
v 3 3.6 -2.3
v 0.8 3.4 -2.4
v 0.8 3.5 -2.4
v 0.9 3.4 -2.4
v 0.9 3.5 -2.4
v 1.7 3.6 -2.4
v 1.7 3.7 -2.4
v 1.9 3.6 -2.4
v 1.9 3.7 -2.4
v 2.9 2.8 -2.4
v 2.9 3 -2.4
v 2.9 3.3 -2.4
v 2.9 3.4 -2.4
v 2.9 3.5 -2.4
v 3 2.8 -2.4
v 3 3 -2.4
v 3 3.3 -2.4
v 3 3.5 -2.4
v 3.9 2.5 -2.4
v 3.9 2.8 -2.4
v 4 2.5 -2.4
v 4 2.8 -2.4
v 0 2.5 -2.5
v 0 2.8 -2.5
v 0.1 2.5 -2.5
v 0.1 2.8 -2.5
v 0.8 3.3 -2.5
v 0.8 3.4 -2.5
v 0.9 3.3 -2.5
v 0.9 3.4 -2.5
v 1 2.6 -2.5
v 1 2.7 -2.5
v 1 2.8 -2.5
v 1 2.9 -2.5
v 1 3 -2.5
v 1 3.1 -2.5
v 1 3.2 -2.5
v 1.3 3.1 -2.5
v 1.3 3.2 -2.5
v 1.4 2.7 -2.5
v 1.4 2.8 -2.5
v 1.4 2.9 -2.5
v 1.4 3 -2.5
v 1.4 3.1 -2.5
v 1.5 2.6 -2.5
v 1.5 2.8 -2.5
v 1.5 3.1 -2.5
v 1.5 3.2 -2.5
v 2.1 2.6 -2.5
v 2.1 2.9 -2.5
v 2.1 3.1 -2.5
v 2.1 3.2 -2.5
v 2.2 2.7 -2.5
v 2.2 2.8 -2.5
v 2.2 2.9 -2.5
v 2.2 3 -2.5
v 2.2 3.1 -2.5
v 2.3 3.1 -2.5
v 2.3 3.2 -2.5
v 2.8 2.6 -2.5
v 2.8 2.7 -2.5
v 2.8 2.8 -2.5
v 2.8 2.9 -2.5
v 2.8 3 -2.5
v 2.8 3.1 -2.5
v 2.8 3.2 -2.5
v 3.9 2.5 -2.6
v 3.9 2.8 -2.6
v 4 2.5 -2.6
v 4 2.8 -2.6
v 0 2.5 -2.7
v 0 2.8 -2.7
v 0.1 2.5 -2.7
v 0.1 2.8 -2.7
v 1.3 2.9 -2.8
v 1.3 3.1 -2.8
v 1.4 2.9 -2.8
v 1.4 3.1 -2.8
v 2.2 2.9 -2.8
v 2.2 3.1 -2.8
v 2.3 2.9 -2.8
v 2.3 3.1 -2.8
v 3.9 2.5 -2.8
v 3.9 2.8 -2.8
v 4 2.5 -2.8
v 4 2.8 -2.8
v 0 2.5 -2.9
v 0 2.8 -2.9
v 0.1 2.5 -2.9
v 0.1 2.8 -2.9
v 0.1 2.9 -2.9
v 0.7 2.8 -2.9
v 0.7 2.9 -2.9
v 0.1 2.9 -3
v 0.1 3 -3
v 0.2 2.5 -3
v 0.2 2.8 -3
v 0.6 2.5 -3
v 0.6 2.8 -3
v 0.7 2.9 -3
v 0.7 3 -3
v 2.5 2.5 -3
v 2.5 2.7 -3
v 3.3 2.5 -3
v 3.3 2.7 -3
v 3.9 2.5 -3
v 3.9 2.8 -3
v 4 2.5 -3
v 4 2.8 -3
v 0 2.5 -3.1
v 0 2.8 -3.1
v 0.1 2.5 -3.1
v 0.1 2.8 -3.1
v 0.1 2.9 -3.1
v 0.1 3 -3.1
v 0.1 3.1 -3.1
v 0.2 2.5 -3.1
v 0.2 2.9 -3.1
v 0.6 2.5 -3.1
v 0.6 2.9 -3.1
v 0.7 2.5 -3.1
v 0.7 2.9 -3.1
v 0.7 3 -3.1
v 0.7 3.1 -3.1
v 0.1 3.1 -3.2
v 0.1 3.2 -3.2
v 0.7 3.1 -3.2
v 0.7 3.2 -3.2
v 1.3 2.9 -3.2
v 1.3 3.1 -3.2
v 1.4 2.9 -3.2
v 1.4 3.1 -3.2
v 1.5 2.6 -3.2
v 1.5 2.7 -3.2
v 1.5 2.8 -3.2
v 1.5 2.9 -3.2
v 1.5 3 -3.2
v 1.5 3.1 -3.2
v 1.5 3.2 -3.2
v 1.6 2.6 -3.2
v 1.6 2.7 -3.2
v 1.6 2.8 -3.2
v 1.6 2.9 -3.2
v 1.6 3.1 -3.2
v 1.6 3.2 -3.2
v 1.7 2.6 -3.2
v 1.7 2.7 -3.2
v 1.7 2.8 -3.2
v 1.7 2.9 -3.2
v 1.8 2.6 -3.2
v 1.8 2.7 -3.2
v 1.8 2.8 -3.2
v 1.8 2.9 -3.2
v 1.9 2.6 -3.2
v 1.9 2.7 -3.2
v 1.9 2.8 -3.2
v 1.9 2.9 -3.2
v 2 3.1 -3.2
v 2 3.2 -3.2
v 2.1 2.6 -3.2
v 2.1 2.7 -3.2
v 2.1 2.8 -3.2
v 2.1 2.9 -3.2
v 2.1 3 -3.2
v 2.1 3.1 -3.2
v 2.1 3.2 -3.2
v 2.2 2.9 -3.2
v 2.2 3.1 -3.2
v 2.3 2.9 -3.2
v 2.3 3.1 -3.2
v 3.9 2.5 -3.2
v 3.9 2.8 -3.2
v 4 2.5 -3.2
v 4 2.8 -3.2
v 0 2.5 -3.3
v 0 2.8 -3.3
v 0.1 2.5 -3.3
v 0.1 2.8 -3.3
v 2.9 2.7 -3.3
v 2.9 2.8 -3.3
v 3 2.7 -3.3
v 3 2.8 -3.3
v 0.2 3 -3.4
v 0.2 3.1 -3.4
v 0.7 3 -3.4
v 0.7 3.1 -3.4
v 3.9 2.5 -3.4
v 3.9 2.8 -3.4
v 4 2.5 -3.4
v 4 2.8 -3.4
v 0 2.5 -3.5
v 0 2.8 -3.5
v 0.1 2.5 -3.5
v 0.1 2.8 -3.5
v 0.2 2.7 -3.5
v 0.2 2.9 -3.5
v 0.2 3 -3.5
v 0.6 2.7 -3.5
v 0.6 2.9 -3.5
v 0.7 2.9 -3.5
v 0.7 3 -3.5
v 2.6 2.7 -3.5
v 2.6 2.8 -3.5
v 2.7 2.7 -3.5
v 2.7 2.8 -3.5
v 0.1 2.8 -3.6
v 0.1 2.9 -3.6
v 0.2 2.8 -3.6
v 0.2 2.9 -3.6
v 0.6 2.8 -3.6
v 0.6 2.9 -3.6
v 0.7 2.8 -3.6
v 0.7 2.9 -3.6
v 3.9 2.5 -3.6
v 3.9 2.8 -3.6
v 4 2.5 -3.6
v 4 2.8 -3.6
v 0 2.5 -3.7
v 0 2.8 -3.7
v 0.1 2.5 -3.7
v 0.1 2.8 -3.7
v 3.9 2.5 -3.8
v 3.9 2.8 -3.8
v 4 2.5 -3.8
v 4 2.8 -3.8
v 0.1 2.5 -3.9
v 0.1 2.8 -3.9
v 0.3 2.5 -3.9
v 0.3 2.8 -3.9
v 0.4 2.5 -3.9
v 0.4 2.8 -3.9
v 0.5 2.5 -3.9
v 0.5 2.8 -3.9
v 0.6 2.5 -3.9
v 0.6 2.8 -3.9
v 0.7 2.5 -3.9
v 0.7 2.8 -3.9
v 0.8 2.5 -3.9
v 0.8 2.8 -3.9
v 0.9 2.5 -3.9
v 0.9 2.8 -3.9
v 1 2.5 -3.9
v 1 2.8 -3.9
v 1.1 2.5 -3.9
v 1.1 2.8 -3.9
v 1.2 2.5 -3.9
v 1.2 2.8 -3.9
v 1.3 2.5 -3.9
v 1.3 2.8 -3.9
v 1.4 2.5 -3.9
v 1.4 2.8 -3.9
v 1.5 2.5 -3.9
v 1.5 2.8 -3.9
v 1.6 2.5 -3.9
v 1.6 2.8 -3.9
v 1.7 2.5 -3.9
v 1.7 2.8 -3.9
v 1.8 2.5 -3.9
v 1.8 2.8 -3.9
v 1.9 2.5 -3.9
v 1.9 2.8 -3.9
v 2 2.5 -3.9
v 2 2.8 -3.9
v 2.1 2.5 -3.9
v 2.1 2.8 -3.9
v 2.2 2.5 -3.9
v 2.2 2.8 -3.9
v 2.3 2.5 -3.9
v 2.3 2.8 -3.9
v 2.4 2.5 -3.9
v 2.4 2.8 -3.9
v 2.5 2.5 -3.9
v 2.5 2.8 -3.9
v 2.6 2.5 -3.9
v 2.6 2.8 -3.9
v 2.7 2.5 -3.9
v 2.7 2.8 -3.9
v 2.8 2.5 -3.9
v 2.8 2.8 -3.9
v 2.9 2.5 -3.9
v 2.9 2.8 -3.9
v 3 2.5 -3.9
v 3 2.8 -3.9
v 3.1 2.5 -3.9
v 3.1 2.8 -3.9
v 3.2 2.5 -3.9
v 3.2 2.8 -3.9
v 3.3 2.5 -3.9
v 3.3 2.8 -3.9
v 3.4 2.5 -3.9
v 3.4 2.8 -3.9
v 3.5 2.5 -3.9
v 3.5 2.8 -3.9
v 3.6 2.5 -3.9
v 3.6 2.8 -3.9
v 3.7 2.5 -3.9
v 3.7 2.8 -3.9
v 3.8 2.5 -3.9
v 3.8 2.8 -3.9
v 3.9 2.5 -3.9
v 3.9 2.8 -3.9
v 0.1 2.5 -0.1
v 0.1 2.8 -0.1
v 0.3 2.5 -0.1
v 0.3 2.8 -0.1
v 0.4 2.5 -0.1
v 0.4 2.8 -0.1
v 0.5 2.5 -0.1
v 0.5 2.8 -0.1
v 0.6 2.5 -0.1
v 0.6 2.8 -0.1
v 0.7 2.5 -0.1
v 0.7 2.8 -0.1
v 0.8 2.5 -0.1
v 0.8 2.8 -0.1
v 0.9 2.5 -0.1
v 0.9 2.8 -0.1
v 1 2.5 -0.1
v 1 2.8 -0.1
v 1.1 2.5 -0.1
v 1.1 2.8 -0.1
v 1.2 2.5 -0.1
v 1.2 2.8 -0.1
v 1.3 2.5 -0.1
v 1.3 2.8 -0.1
v 1.4 2.5 -0.1
v 1.4 2.8 -0.1
v 1.5 2.5 -0.1
v 1.5 2.8 -0.1
v 1.6 2.5 -0.1
v 1.6 2.8 -0.1
v 1.7 2.5 -0.1
v 1.7 2.8 -0.1
v 1.8 2.5 -0.1
v 1.8 2.8 -0.1
v 1.9 2.5 -0.1
v 1.9 2.8 -0.1
v 2 2.5 -0.1
v 2 2.8 -0.1
v 2.1 2.5 -0.1
v 2.1 2.8 -0.1
v 2.2 2.5 -0.1
v 2.2 2.8 -0.1
v 2.3 2.5 -0.1
v 2.3 2.8 -0.1
v 2.4 2.5 -0.1
v 2.4 2.8 -0.1
v 2.5 2.5 -0.1
v 2.5 2.8 -0.1
v 2.6 2.5 -0.1
v 2.6 2.8 -0.1
v 2.7 2.5 -0.1
v 2.7 2.8 -0.1
v 2.8 2.5 -0.1
v 2.8 2.8 -0.1
v 2.9 2.5 -0.1
v 2.9 2.8 -0.1
v 3 2.5 -0.1
v 3 2.8 -0.1
v 3.1 2.5 -0.1
v 3.1 2.8 -0.1
v 3.2 2.5 -0.1
v 3.2 2.8 -0.1
v 3.3 2.5 -0.1
v 3.3 2.8 -0.1
v 3.4 2.5 -0.1
v 3.4 2.8 -0.1
v 3.5 2.5 -0.1
v 3.5 2.8 -0.1
v 3.6 2.5 -0.1
v 3.6 2.8 -0.1
v 3.7 2.5 -0.1
v 3.7 2.8 -0.1
v 3.8 2.5 -0.1
v 3.8 2.6 -0.1
v 3.9 2.6 -0.1
v 3.9 2.8 -0.1
v 4 2.5 -0.1
v 4 2.8 -0.1
v 3.9 2.5 -0.3
v 3.9 2.8 -0.3
v 4 2.5 -0.3
v 4 2.8 -0.3
v 0 2.5 -0.4
v 0 2.8 -0.4
v 0.1 2.5 -0.4
v 0.1 2.8 -0.4
v 0.6 2.5 -0.4
v 0.6 2.6 -0.4
v 0.6 2.7 -0.4
v 0.7 2.5 -0.4
v 0.7 2.6 -0.4
v 0.7 2.7 -0.4
v 1 2.5 -0.4
v 1 2.6 -0.4
v 1 2.7 -0.4
v 1.1 2.5 -0.4
v 1.1 2.6 -0.4
v 1.1 2.7 -0.4
v 1.3 2.5 -0.4
v 1.3 2.6 -0.4
v 1.3 2.7 -0.4
v 1.4 2.5 -0.4
v 1.4 2.6 -0.4
v 1.4 2.7 -0.4
v 1.6 2.5 -0.4
v 1.6 2.6 -0.4
v 1.6 2.7 -0.4
v 1.7 2.5 -0.4
v 1.7 2.6 -0.4
v 1.7 2.7 -0.4
v 1.9 2.5 -0.4
v 1.9 2.6 -0.4
v 1.9 2.7 -0.4
v 2 2.5 -0.4
v 2 2.6 -0.4
v 2 2.7 -0.4
v 3.9 2.5 -0.5
v 3.9 2.8 -0.5
v 4 2.5 -0.5
v 4 2.8 -0.5
v 0 2.5 -0.6
v 0 2.8 -0.6
v 0.1 2.5 -0.6
v 0.1 2.8 -0.6
v 0.6 2.5 -0.6
v 0.6 2.6 -0.6
v 0.6 2.7 -0.6
v 0.7 2.5 -0.6
v 0.7 2.6 -0.6
v 0.7 2.7 -0.6
v 1 2.5 -0.6
v 1 2.6 -0.6
v 1 2.7 -0.6
v 1.1 2.5 -0.6
v 1.1 2.6 -0.6
v 1.1 2.7 -0.6
v 1.3 2.5 -0.6
v 1.3 2.6 -0.6
v 1.3 2.7 -0.6
v 1.4 2.5 -0.6
v 1.4 2.6 -0.6
v 1.4 2.7 -0.6
v 1.6 2.5 -0.6
v 1.6 2.6 -0.6
v 1.6 2.7 -0.6
v 1.7 2.5 -0.6
v 1.7 2.6 -0.6
v 1.7 2.7 -0.6
v 1.9 2.5 -0.6
v 1.9 2.6 -0.6
v 1.9 2.7 -0.6
v 2 2.5 -0.6
v 2 2.6 -0.6
v 2 2.7 -0.6
v 3.1 2.5 -0.6
v 3.1 2.9 -0.6
v 3.2 2.5 -0.6
v 3.2 2.9 -0.6
v 3.9 2.5 -0.7
v 3.9 2.8 -0.7
v 4 2.5 -0.7
v 4 2.8 -0.7
v 0 2.5 -0.8
v 0 2.8 -0.8
v 0.1 2.5 -0.8
v 0.1 2.8 -0.8
v 0.6 2.5 -0.8
v 0.6 2.6 -0.8
v 0.6 2.7 -0.8
v 0.7 2.5 -0.8
v 0.7 2.6 -0.8
v 0.7 2.7 -0.8
v 1 2.5 -0.8
v 1 2.6 -0.8
v 1 2.7 -0.8
v 1.1 2.5 -0.8
v 1.1 2.6 -0.8
v 1.1 2.7 -0.8
v 1.3 2.5 -0.8
v 1.3 2.6 -0.8
v 1.3 2.7 -0.8
v 1.4 2.5 -0.8
v 1.4 2.6 -0.8
v 1.4 2.7 -0.8
v 1.6 2.5 -0.8
v 1.6 2.6 -0.8
v 1.6 2.7 -0.8
v 1.7 2.5 -0.8
v 1.7 2.6 -0.8
v 1.7 2.7 -0.8
v 1.9 2.5 -0.8
v 1.9 2.6 -0.8
v 1.9 2.7 -0.8
v 2 2.5 -0.8
v 2 2.6 -0.8
v 2 2.7 -0.8
v 3.1 2.5 -0.8
v 3.1 2.7 -0.8
v 3.2 2.5 -0.8
v 3.2 2.7 -0.8
v 3.3 2.5 -0.8
v 3.3 2.7 -0.8
v 3.4 2.5 -0.8
v 3.4 2.7 -0.8
v 3.9 2.5 -0.9
v 3.9 2.8 -0.9
v 4 2.5 -0.9
v 4 2.8 -0.9
v 0 2.5 -1
v 0 2.8 -1
v 0.1 2.5 -1
v 0.1 2.8 -1
v 1.5 4.7 -1.1
v 1.5 4.8 -1.1
v 1.6 4.7 -1.1
v 1.8 4.7 -1.1
v 1.8 4.8 -1.1
v 3.1 2.5 -1.1
v 3.1 2.7 -1.1
v 3.1 2.8 -1.1
v 3.2 2.5 -1.1
v 3.2 2.7 -1.1
v 3.2 2.8 -1.1
v 3.3 2.5 -1.1
v 3.3 2.6 -1.1
v 3.3 2.7 -1.1
v 3.4 2.5 -1.1
v 3.4 2.6 -1.1
v 3.4 2.7 -1.1
v 3.4 2.8 -1.1
v 3.9 2.5 -1.1
v 3.9 2.8 -1.1
v 4 2.5 -1.1
v 4 2.8 -1.1
v 0 2.5 -1.2
v 0 2.8 -1.2
v 0.1 2.5 -1.2
v 0.1 2.8 -1.2
v 0.8 3.3 -1.2
v 0.8 3.4 -1.2
v 0.9 3.3 -1.2
v 0.9 3.4 -1.2
v 1 2.6 -1.2
v 1 2.7 -1.2
v 1 2.8 -1.2
v 1 2.9 -1.2
v 1 3 -1.2
v 1 3.1 -1.2
v 1 3.2 -1.2
v 1.6 2.8 -1.2
v 1.6 2.9 -1.2
v 1.6 3 -1.2
v 1.6 3.1 -1.2
v 1.6 3.2 -1.2
v 1.6 4.6 -1.2
v 1.6 4.7 -1.2
v 1.7 2.9 -1.2
v 1.7 3.1 -1.2
v 1.8 4.6 -1.2
v 1.8 4.7 -1.2
v 2 2.9 -1.2
v 2 3.1 -1.2
v 2.1 2.8 -1.2
v 2.1 2.9 -1.2
v 2.1 3 -1.2
v 2.1 3.1 -1.2
v 2.1 3.2 -1.2
v 2.8 2.6 -1.2
v 2.8 2.7 -1.2
v 2.8 2.8 -1.2
v 2.8 2.9 -1.2
v 2.8 3 -1.2
v 2.8 3.1 -1.2
v 2.8 3.2 -1.2
v 3.1 2.8 -1.2
v 3.1 2.9 -1.2
v 3.1 3 -1.2
v 3.2 2.8 -1.2
v 3.2 2.9 -1.2
v 3.2 3 -1.2
v 3.3 2.8 -1.2
v 3.3 2.9 -1.2
v 3.3 3 -1.2
v 3.4 2.8 -1.2
v 3.4 2.9 -1.2
v 3.4 3 -1.2
v 0.8 3.4 -1.3
v 0.8 3.5 -1.3
v 0.9 3.4 -1.3
v 0.9 3.5 -1.3
v 1.6 4.5 -1.3
v 1.6 4.6 -1.3
v 1.8 4.4 -1.3
v 1.8 4.5 -1.3
v 1.8 4.6 -1.3
v 1.9 4.4 -1.3
v 1.9 4.5 -1.3
v 2.9 2.8 -1.3
v 2.9 3 -1.3
v 2.9 3.3 -1.3
v 2.9 3.4 -1.3
v 2.9 3.5 -1.3
v 3 2.8 -1.3
v 3 3 -1.3
v 3 3.3 -1.3
v 3 3.5 -1.3
v 3.2 2.8 -1.3
v 3.2 2.9 -1.3
v 3.3 2.8 -1.3
v 3.3 2.9 -1.3
v 3.9 2.5 -1.3
v 3.9 2.8 -1.3
v 4 2.5 -1.3
v 4 2.8 -1.3
v 0 2.5 -1.4
v 0 2.8 -1.4
v 0.1 2.5 -1.4
v 0.1 2.8 -1.4
v 0.8 3.5 -1.4
v 0.8 3.6 -1.4
v 0.9 3.5 -1.4
v 0.9 3.6 -1.4
v 1.5 4.3 -1.4
v 1.5 4.5 -1.4
v 1.8 4.4 -1.4
v 1.8 4.5 -1.4
v 1.9 4.3 -1.4
v 1.9 4.4 -1.4
v 2.9 3.5 -1.4
v 2.9 3.6 -1.4
v 3 3.5 -1.4
v 3 3.6 -1.4
v 0.8 3.6 -1.5
v 0.8 3.7 -1.5
v 0.9 3.6 -1.5
v 0.9 3.7 -1.5
v 1.5 4.2 -1.5
v 1.5 4.3 -1.5
v 1.6 3.8 -1.5
v 1.6 4.1 -1.5
v 1.6 4.2 -1.5
v 1.8 3.8 -1.5
v 1.8 4.1 -1.5
v 1.8 4.2 -1.5
v 1.9 4.2 -1.5
v 1.9 4.3 -1.5
v 2.9 3.6 -1.5
v 2.9 3.7 -1.5
v 3 3.6 -1.5
v 3 3.7 -1.5
v 3.9 2.5 -1.5
v 3.9 2.8 -1.5
v 4 2.5 -1.5
v 4 2.8 -1.5
v 0 2.5 -1.6
v 0 2.8 -1.6
v 0.1 2.5 -1.6
v 0.1 2.8 -1.6
v 0.8 2.9 -1.6
v 0.8 3.1 -1.6
v 0.8 3.7 -1.6
v 0.8 3.8 -1.6
v 0.9 2.9 -1.6
v 0.9 3.1 -1.6
v 0.9 3.7 -1.6
v 0.9 3.8 -1.6
v 2.9 2.7 -1.6
v 2.9 3.1 -1.6
v 3 2.7 -1.6
v 3 3.1 -1.6
v 2.9 2.6 -1.7
v 2.9 2.7 -1.7
v 2.9 3.1 -1.7
v 2.9 3.2 -1.7
v 2.9 3.5 -1.7
v 2.9 3.7 -1.7
v 3 3.5 -1.7
v 3 3.7 -1.7
v 3.1 2.5 -1.7
v 3.1 2.6 -1.7
v 3.1 2.7 -1.7
v 3.1 3.1 -1.7
v 3.2 2.5 -1.7
v 3.2 3.1 -1.7
v 3.2 3.2 -1.7
v 3.9 2.5 -1.7
v 3.9 2.8 -1.7
v 4 2.5 -1.7
v 4 2.8 -1.7
v 0 2.5 -1.8
v 0 2.8 -1.8
v 0.1 2.5 -1.8
v 0.1 2.8 -1.8
v 0.8 3.8 -1.8
v 0.8 3.9 -1.8
v 0.9 3.8 -1.8
v 0.9 3.9 -1.8
v 2.9 2.8 -1.8
v 2.9 2.9 -1.8
v 2.9 3.2 -1.8
v 2.9 3.3 -1.8
v 2.9 3.8 -1.8
v 2.9 3.9 -1.8
v 3 2.8 -1.8
v 3 2.9 -1.8
v 3 3.8 -1.8
v 3 3.9 -1.8
v 3.2 3.2 -1.8
v 3.2 3.3 -1.8
v 0.8 3.9 -1.9
v 0.8 4 -1.9
v 2.9 3.3 -1.9
v 2.9 3.4 -1.9
v 2.9 3.5 -1.9
v 2.9 3.7 -1.9
v 3 3.4 -1.9
v 3 3.5 -1.9
v 3 3.7 -1.9
v 3 3.9 -1.9
v 3 4 -1.9
v 3.2 3.3 -1.9
v 3.2 3.4 -1.9
v 0 2.5 -2
v 0 2.8 -2
v 0.1 2.5 -2
v 0.1 2.8 -2
v 2.9 2.8 -2
v 2.9 2.9 -2
v 2.9 3.2 -2
v 2.9 3.3 -2
v 3 2.8 -2
v 3 2.9 -2
v 3.2 3.2 -2
v 3.2 3.3 -2
v 0.8 2.8 -2.1
v 0.8 3.2 -2.1
v 0.8 3.8 -2.1
v 0.8 3.9 -2.1
v 0.9 2.8 -2.1
v 0.9 2.9 -2.1
v 0.9 3 -2.1
v 0.9 3.1 -2.1
v 0.9 3.2 -2.1
v 2.9 2.5 -2.1
v 2.9 2.6 -2.1
v 2.9 2.7 -2.1
v 2.9 3.1 -2.1
v 2.9 3.2 -2.1
v 2.9 3.4 -2.1
v 2.9 3.5 -2.1
v 2.9 3.6 -2.1
v 2.9 3.7 -2.1
v 3 2.7 -2.1
v 3 3.1 -2.1
v 3 3.4 -2.1
v 3 3.7 -2.1
v 3 3.8 -2.1
v 3 3.9 -2.1
v 3.1 2.7 -2.1
v 3.1 3.1 -2.1
v 3.2 2.5 -2.1
v 3.2 3.1 -2.1
v 3.2 3.2 -2.1
v 0 2.5 -2.2
v 0 2.8 -2.2
v 0.1 2.5 -2.2
v 0.1 2.8 -2.2
v 0.8 3.7 -2.2
v 0.8 3.8 -2.2
v 2.9 2.8 -2.2
v 2.9 3 -2.2
v 3 2.8 -2.2
v 3 3 -2.2
v 3 3.7 -2.2
v 3 3.8 -2.2
v 0.8 3.6 -2.3
v 0.8 3.7 -2.3
v 3 3.6 -2.3
v 3 3.7 -2.3
v 0 2.5 -2.4
v 0 2.8 -2.4
v 0.1 2.5 -2.4
v 0.1 2.8 -2.4
v 0.8 3.5 -2.4
v 0.8 3.6 -2.4
v 1.6 3.5 -2.4
v 1.6 3.6 -2.4
v 2 3.5 -2.4
v 2 3.6 -2.4
v 3 3.5 -2.4
v 3 3.6 -2.4
v 0.8 3.4 -2.5
v 0.8 3.5 -2.5
v 1.5 3.4 -2.5
v 1.5 3.5 -2.5
v 2.1 3.4 -2.5
v 2.1 3.5 -2.5
v 2.9 2.7 -2.5
v 2.9 2.8 -2.5
v 2.9 2.9 -2.5
v 2.9 3 -2.5
v 2.9 3.1 -2.5
v 3 2.7 -2.5
v 3 3.1 -2.5
v 3 3.4 -2.5
v 3 3.5 -2.5
v 3.9 2.5 -2.5
v 3.9 2.8 -2.5
v 4 2.5 -2.5
v 4 2.8 -2.5
v 0 2.5 -2.6
v 0 2.8 -2.6
v 0.1 2.5 -2.6
v 0.1 2.8 -2.6
v 0.8 3.3 -2.6
v 0.8 3.4 -2.6
v 0.9 2.5 -2.6
v 0.9 2.6 -2.6
v 0.9 2.7 -2.6
v 0.9 2.8 -2.6
v 0.9 2.9 -2.6
v 0.9 3 -2.6
v 0.9 3.1 -2.6
v 0.9 3.2 -2.6
v 0.9 3.3 -2.6
v 1.3 2.8 -2.6
v 1.3 2.9 -2.6
v 1.3 3.1 -2.6
v 1.3 3.2 -2.6
v 1.4 2.5 -2.6
v 1.4 2.6 -2.6
v 1.4 2.7 -2.6
v 1.4 2.8 -2.6
v 1.4 2.9 -2.6
v 1.4 3 -2.6
v 1.4 3.1 -2.6
v 1.4 3.2 -2.6
v 1.4 3.3 -2.6
v 1.4 3.4 -2.6
v 2.2 2.5 -2.6
v 2.2 2.6 -2.6
v 2.2 2.7 -2.6
v 2.2 2.8 -2.6
v 2.2 2.9 -2.6
v 2.2 3 -2.6
v 2.2 3.1 -2.6
v 2.2 3.2 -2.6
v 2.2 3.3 -2.6
v 2.2 3.4 -2.6
v 2.3 2.8 -2.6
v 2.3 2.9 -2.6
v 2.3 3.1 -2.6
v 2.3 3.2 -2.6
v 2.9 2.5 -2.6
v 2.9 2.6 -2.6
v 2.9 2.7 -2.6
v 2.9 2.8 -2.6
v 2.9 2.9 -2.6
v 2.9 3 -2.6
v 2.9 3.1 -2.6
v 2.9 3.2 -2.6
v 2.9 3.3 -2.6
v 3 3.3 -2.6
v 3 3.4 -2.6
v 3.9 2.5 -2.7
v 3.9 2.8 -2.7
v 4 2.5 -2.7
v 4 2.8 -2.7
v 0 2.5 -2.8
v 0 2.8 -2.8
v 0.1 2.5 -2.8
v 0.1 2.8 -2.8
v 1.3 2.9 -2.9
v 1.3 3.1 -2.9
v 1.4 2.9 -2.9
v 1.4 3.1 -2.9
v 2.2 2.9 -2.9
v 2.2 3.1 -2.9
v 2.3 2.9 -2.9
v 2.3 3.1 -2.9
v 3.9 2.5 -2.9
v 3.9 2.8 -2.9
v 4 2.5 -2.9
v 4 2.8 -2.9
v 0 2.5 -3
v 0 2.8 -3
v 0.1 2.5 -3
v 0.1 2.8 -3
v 0.1 2.9 -3
v 0.2 2.8 -3
v 0.2 2.9 -3
v 0.6 2.8 -3
v 0.6 2.9 -3
v 0.7 2.8 -3
v 0.7 2.9 -3
v 0.2 2.7 -3.1
v 0.2 2.9 -3.1
v 0.2 3 -3.1
v 0.6 2.7 -3.1
v 0.6 2.9 -3.1
v 0.7 2.9 -3.1
v 0.7 3 -3.1
v 3.9 2.5 -3.1
v 3.9 2.8 -3.1
v 4 2.5 -3.1
v 4 2.8 -3.1
v 0 2.5 -3.2
v 0 2.8 -3.2
v 0.1 2.5 -3.2
v 0.1 2.8 -3.2
v 0.2 3 -3.2
v 0.2 3.1 -3.2
v 0.7 3 -3.2
v 0.7 3.1 -3.2
v 1.3 2.8 -3.3
v 1.3 3.2 -3.3
v 1.4 2.5 -3.3
v 1.4 2.6 -3.3
v 1.4 2.7 -3.3
v 1.4 2.8 -3.3
v 1.4 3.1 -3.3
v 1.4 3.2 -3.3
v 1.4 3.3 -3.3
v 1.5 2.8 -3.3
v 1.5 2.9 -3.3
v 1.5 3 -3.3
v 1.5 3.1 -3.3
v 1.5 3.3 -3.3
v 1.5 3.4 -3.3
v 1.6 2.5 -3.3
v 1.6 2.6 -3.3
v 1.6 2.7 -3.3
v 1.6 2.8 -3.3
v 1.6 2.9 -3.3
v 1.6 3.1 -3.3
v 1.6 3.2 -3.3
v 1.6 3.4 -3.3
v 1.6 3.5 -3.3
v 1.7 2.6 -3.3
v 1.7 2.7 -3.3
v 1.7 2.8 -3.3
v 1.7 2.9 -3.3
v 1.7 3.5 -3.3
v 1.7 3.6 -3.3
v 1.8 2.6 -3.3
v 1.8 2.7 -3.3
v 1.8 2.8 -3.3
v 1.8 2.9 -3.3
v 1.9 2.5 -3.3
v 1.9 2.6 -3.3
v 1.9 2.7 -3.3
v 1.9 2.8 -3.3
v 1.9 2.9 -3.3
v 1.9 3.5 -3.3
v 1.9 3.6 -3.3
v 2 3.1 -3.3
v 2 3.2 -3.3
v 2 3.4 -3.3
v 2 3.5 -3.3
v 2.1 2.8 -3.3
v 2.1 2.9 -3.3
v 2.1 3 -3.3
v 2.1 3.1 -3.3
v 2.1 3.3 -3.3
v 2.1 3.4 -3.3
v 2.2 2.5 -3.3
v 2.2 2.6 -3.3
v 2.2 2.7 -3.3
v 2.2 2.8 -3.3
v 2.2 3.1 -3.3
v 2.2 3.2 -3.3
v 2.2 3.3 -3.3
v 2.3 2.8 -3.3
v 2.3 3.2 -3.3
v 3.9 2.5 -3.3
v 3.9 2.8 -3.3
v 4 2.5 -3.3
v 4 2.8 -3.3
v 0 2.5 -3.4
v 0 2.8 -3.4
v 0.1 2.5 -3.4
v 0.1 2.8 -3.4
v 0.1 3.1 -3.4
v 0.1 3.2 -3.4
v 0.7 3.1 -3.4
v 0.7 3.2 -3.4
v 1.4 3.3 -3.4
v 1.4 3.4 -3.4
v 1.5 3.3 -3.4
v 1.5 3.4 -3.4
v 1.5 3.5 -3.4
v 1.6 2.7 -3.4
v 1.6 2.8 -3.4
v 1.6 3.1 -3.4
v 1.6 3.4 -3.4
v 1.6 3.5 -3.4
v 1.6 3.6 -3.4
v 1.7 2.7 -3.4
v 1.7 2.8 -3.4
v 1.7 3.1 -3.4
v 1.7 3.2 -3.4
v 1.7 3.5 -3.4
v 1.7 3.6 -3.4
v 1.7 3.7 -3.4
v 1.8 2.7 -3.4
v 1.8 2.8 -3.4
v 1.9 2.7 -3.4
v 1.9 2.8 -3.4
v 1.9 3.1 -3.4
v 1.9 3.2 -3.4
v 1.9 3.5 -3.4
v 1.9 3.6 -3.4
v 1.9 3.7 -3.4
v 2 3.1 -3.4
v 2 3.4 -3.4
v 2 3.5 -3.4
v 2 3.6 -3.4
v 2.1 3.3 -3.4
v 2.1 3.4 -3.4
v 2.1 3.5 -3.4
v 2.2 3.3 -3.4
v 2.2 3.4 -3.4
v 2.9 2.7 -3.4
v 2.9 2.8 -3.4
v 3 2.7 -3.4
v 3 2.8 -3.4
v 0.1 2.5 -3.5
v 0.1 2.8 -3.5
v 0.1 2.9 -3.5
v 0.1 3 -3.5
v 0.1 3.1 -3.5
v 0.2 2.5 -3.5
v 0.2 2.9 -3.5
v 0.6 2.5 -3.5
v 0.6 2.9 -3.5
v 0.7 2.5 -3.5
v 0.7 2.9 -3.5
v 0.7 3 -3.5
v 0.7 3.1 -3.5
v 3.9 2.5 -3.5
v 3.9 2.8 -3.5
v 4 2.5 -3.5
v 4 2.8 -3.5
v 0 2.5 -3.6
v 0 2.8 -3.6
v 0.1 2.5 -3.6
v 0.1 2.8 -3.6
v 0.1 2.9 -3.6
v 0.1 3 -3.6
v 0.2 2.5 -3.6
v 0.2 2.8 -3.6
v 0.6 2.5 -3.6
v 0.6 2.8 -3.6
v 0.7 2.9 -3.6
v 0.7 3 -3.6
v 1.7 3.1 -3.6
v 1.7 3.2 -3.6
v 1.9 3.1 -3.6
v 1.9 3.2 -3.6
v 2.6 2.7 -3.6
v 2.6 2.8 -3.6
v 2.7 2.7 -3.6
v 2.7 2.8 -3.6
v 0.1 2.8 -3.7
v 0.1 2.9 -3.7
v 0.7 2.8 -3.7
v 0.7 2.9 -3.7
v 3.9 2.5 -3.7
v 3.9 2.8 -3.7
v 4 2.5 -3.7
v 4 2.8 -3.7
v 2.5 2.5 -3.8
v 2.5 2.7 -3.8
v 3.3 2.5 -3.8
v 3.3 2.7 -3.8
v 0 2 -4
v 0 2.4 -4
v 0 2.5 -4
v 0 2.8 -4
v 0.3 2.5 -4
v 0.3 2.8 -4
v 0.4 2.5 -4
v 0.4 2.8 -4
v 0.5 2.5 -4
v 0.5 2.8 -4
v 0.6 2.5 -4
v 0.6 2.8 -4
v 0.7 2.5 -4
v 0.7 2.8 -4
v 0.8 2.5 -4
v 0.8 2.8 -4
v 0.9 2.5 -4
v 0.9 2.8 -4
v 1 2.5 -4
v 1 2.8 -4
v 1.1 2.5 -4
v 1.1 2.8 -4
v 1.2 2.5 -4
v 1.2 2.8 -4
v 1.3 2.5 -4
v 1.3 2.8 -4
v 1.4 2.5 -4
v 1.4 2.8 -4
v 1.5 2.5 -4
v 1.5 2.8 -4
v 1.6 2.5 -4
v 1.6 2.8 -4
v 1.7 2.5 -4
v 1.7 2.8 -4
v 1.8 2.5 -4
v 1.8 2.8 -4
v 1.9 2.5 -4
v 1.9 2.8 -4
v 2 2.5 -4
v 2 2.8 -4
v 2.1 2.5 -4
v 2.1 2.8 -4
v 2.2 2.5 -4
v 2.2 2.8 -4
v 2.3 2.5 -4
v 2.3 2.8 -4
v 2.4 2.5 -4
v 2.4 2.8 -4
v 2.5 2.5 -4
v 2.5 2.8 -4
v 2.6 2.5 -4
v 2.6 2.8 -4
v 2.7 2.5 -4
v 2.7 2.8 -4
v 2.8 2.5 -4
v 2.8 2.8 -4
v 2.9 2.5 -4
v 2.9 2.8 -4
v 3 2.5 -4
v 3 2.8 -4
v 3.1 2.5 -4
v 3.1 2.8 -4
v 3.2 2.5 -4
v 3.2 2.8 -4
v 3.3 2.5 -4
v 3.3 2.8 -4
v 3.4 2.5 -4
v 3.4 2.8 -4
v 3.5 2.5 -4
v 3.5 2.8 -4
v 3.6 2.5 -4
v 3.6 2.8 -4
v 3.7 2.5 -4
v 3.7 2.8 -4
v 3.8 2.5 -4
v 3.8 2.8 -4
v 4 2 -4
v 4 2.4 -4
v 4 2.5 -4
v 4 2.8 -4
v 0 2 0
v 4 2 0
v 0 2 -4
v 4 2 -4
v 3.2 2.7 -0.7
v 3.3 2.7 -0.7
v 3.1 2.7 -0.8
v 3.2 2.7 -0.8
v 3.3 2.7 -0.8
v 3.4 2.7 -0.8
v 3.3 2.7 -0.9
v 3.4 2.7 -0.9
v 3.1 2.7 -1
v 3.2 2.7 -1
v 3.3 2.7 -1
v 3.4 2.7 -1
v 3.2 2.7 -1.1
v 3.3 2.7 -1.1
v 2.9 2.7 -1.2
v 3 2.7 -1.2
v 2.9 2.7 -1.6
v 3 2.7 -1.6
v 2.9 2.7 -2.1
v 3 2.7 -2.1
v 2.9 2.7 -2.5
v 3 2.7 -2.5
v 1.6 2.7 -3.3
v 1.7 2.7 -3.3
v 1.8 2.7 -3.3
v 1.9 2.7 -3.3
v 1.6 2.7 -3.4
v 1.7 2.7 -3.4
v 1.8 2.7 -3.4
v 1.9 2.7 -3.4
v 1.6 2.8 -1
v 2.1 2.8 -1
v 1.6 2.8 -1.1
v 2.1 2.8 -1.1
v 3.1 2.8 -1.1
v 3.2 2.8 -1.1
v 3.4 2.8 -1.1
v 3.1 2.8 -1.2
v 3.2 2.8 -1.2
v 3.3 2.8 -1.2
v 3.4 2.8 -1.2
v 3.2 2.8 -1.3
v 3.3 2.8 -1.3
v 0.8 2.8 -1.5
v 0.9 2.8 -1.5
v 2.9 2.8 -1.7
v 3 2.8 -1.7
v 2.9 2.8 -1.8
v 3 2.8 -1.8
v 2.9 2.8 -1.9
v 3 2.8 -1.9
v 2.9 2.8 -2
v 3 2.8 -2
v 0.8 2.8 -2.1
v 0.9 2.8 -2.1
v 1.3 2.8 -2.6
v 1.4 2.8 -2.6
v 2.2 2.8 -2.6
v 2.3 2.8 -2.6
v 0.1 2.8 -2.9
v 0.7 2.8 -2.9
v 0.1 2.8 -3
v 0.2 2.8 -3
v 0.6 2.8 -3
v 0.7 2.8 -3
v 1.3 2.8 -3.3
v 1.4 2.8 -3.3
v 2.2 2.8 -3.3
v 2.3 2.8 -3.3
v 0.1 2.8 -3.6
v 0.2 2.8 -3.6
v 0.6 2.8 -3.6
v 0.7 2.8 -3.6
v 0.1 2.8 -3.7
v 0.7 2.8 -3.7
v 0.1 2.9 -3
v 0.2 2.9 -3
v 0.6 2.9 -3
v 0.7 2.9 -3
v 0.1 2.9 -3.1
v 0.2 2.9 -3.1
v 0.6 2.9 -3.1
v 0.7 2.9 -3.1
v 0.1 2.9 -3.5
v 0.2 2.9 -3.5
v 0.6 2.9 -3.5
v 0.7 2.9 -3.5
v 0.1 2.9 -3.6
v 0.2 2.9 -3.6
v 0.6 2.9 -3.6
v 0.7 2.9 -3.6
v 2.9 3 -1.3
v 3 3 -1.3
v 2.9 3 -1.5
v 3 3 -1.5
v 2.9 3 -2.2
v 3 3 -2.2
v 2.9 3 -2.4
v 3 3 -2.4
v 0.2 3 -3.1
v 0.7 3 -3.1
v 0.2 3 -3.2
v 0.7 3 -3.2
v 0.2 3 -3.4
v 0.7 3 -3.4
v 0.2 3 -3.5
v 0.7 3 -3.5
v 1.7 3.1 -1
v 2 3.1 -1
v 1.7 3.1 -1.1
v 2 3.1 -1.1
v 0.8 3.1 -1.6
v 0.9 3.1 -1.6
v 2.9 3.1 -1.6
v 3 3.1 -1.6
v 3.1 3.1 -1.6
v 2.9 3.1 -1.7
v 3.1 3.1 -1.7
v 0.8 3.1 -2
v 0.9 3.1 -2
v 2.9 3.1 -2
v 3.1 3.1 -2
v 2.9 3.1 -2.1
v 3 3.1 -2.1
v 3.1 3.1 -2.1
v 1.3 3.1 -2.6
v 1.4 3.1 -2.6
v 2.2 3.1 -2.6
v 2.3 3.1 -2.6
v 1.3 3.1 -2.8
v 1.4 3.1 -2.8
v 2.2 3.1 -2.8
v 2.3 3.1 -2.8
v 1.3 3.1 -2.9
v 1.4 3.1 -2.9
v 2.2 3.1 -2.9
v 2.3 3.1 -2.9
v 0.2 3.1 -3.2
v 0.7 3.1 -3.2
v 1.3 3.1 -3.2
v 1.4 3.1 -3.2
v 2.2 3.1 -3.2
v 2.3 3.1 -3.2
v 1.6 3.1 -3.3
v 2 3.1 -3.3
v 0.2 3.1 -3.4
v 0.7 3.1 -3.4
v 1.6 3.1 -3.4
v 1.7 3.1 -3.4
v 1.9 3.1 -3.4
v 2 3.1 -3.4
v 1.7 3.1 -3.6
v 1.9 3.1 -3.6
v 1 3.2 -1.2
v 1.6 3.2 -1.2
v 2.1 3.2 -1.2
v 2.8 3.2 -1.2
v 1 3.2 -1.5
v 2.8 3.2 -1.6
v 2.9 3.2 -1.7
v 3.2 3.2 -1.7
v 2.9 3.2 -1.8
v 3.2 3.2 -1.8
v 2.9 3.2 -1.9
v 3.2 3.2 -1.9
v 2.9 3.2 -2
v 3.2 3.2 -2
v 1 3.2 -2.1
v 2.8 3.2 -2.1
v 1 3.2 -2.5
v 1.3 3.2 -2.5
v 1.5 3.2 -2.5
v 2.1 3.2 -2.5
v 2.3 3.2 -2.5
v 2.8 3.2 -2.5
v 1.5 3.2 -2.6
v 2.1 3.2 -2.6
v 1.5 3.2 -3.2
v 1.6 3.2 -3.2
v 2 3.2 -3.2
v 2.1 3.2 -3.2
v 0.8 3.3 -1.1
v 0.9 3.3 -1.1
v 2.9 3.3 -1.1
v 3 3.3 -1.1
v 0.8 3.3 -1.2
v 0.9 3.3 -1.2
v 2.9 3.3 -1.3
v 3 3.3 -1.3
v 2.9 3.3 -1.8
v 3.2 3.3 -1.8
v 2.9 3.3 -1.9
v 3.2 3.3 -1.9
v 2.9 3.3 -2.4
v 3 3.3 -2.4
v 0.8 3.3 -2.5
v 0.9 3.3 -2.5
v 0.8 3.3 -2.6
v 0.9 3.3 -2.6
v 2.9 3.3 -2.6
v 3 3.3 -2.6
v 1.4 3.3 -3.3
v 1.5 3.3 -3.3
v 2.1 3.3 -3.3
v 2.2 3.3 -3.3
v 1.4 3.3 -3.4
v 1.5 3.3 -3.4
v 2.1 3.3 -3.4
v 2.2 3.3 -3.4
v 0.8 3.4 -1.2
v 0.9 3.4 -1.2
v 0.8 3.4 -1.3
v 0.9 3.4 -1.3
v 2.9 3.4 -1.6
v 3 3.4 -1.6
v 2.9 3.4 -1.8
v 3 3.4 -1.8
v 2.9 3.4 -1.9
v 3 3.4 -1.9
v 2.9 3.4 -2.1
v 3 3.4 -2.1
v 0.8 3.4 -2.4
v 0.9 3.4 -2.4
v 0.8 3.4 -2.5
v 0.9 3.4 -2.5
v 1.5 3.4 -3.3
v 1.6 3.4 -3.3
v 2 3.4 -3.3
v 2.1 3.4 -3.3
v 1.5 3.4 -3.4
v 1.6 3.4 -3.4
v 2 3.4 -3.4
v 2.1 3.4 -3.4
v 0.8 3.5 -1.3
v 0.9 3.5 -1.3
v 2.9 3.5 -1.3
v 3 3.5 -1.3
v 0.8 3.5 -1.4
v 0.9 3.5 -1.4
v 2.9 3.5 -1.4
v 3 3.5 -1.4
v 0.8 3.5 -2.3
v 0.9 3.5 -2.3
v 2.9 3.5 -2.3
v 3 3.5 -2.3
v 0.8 3.5 -2.4
v 0.9 3.5 -2.4
v 2.9 3.5 -2.4
v 3 3.5 -2.4
v 1.6 3.5 -3.3
v 1.7 3.5 -3.3
v 1.9 3.5 -3.3
v 2 3.5 -3.3
v 1.6 3.5 -3.4
v 1.7 3.5 -3.4
v 1.9 3.5 -3.4
v 2 3.5 -3.4
v 0.8 3.6 -1.4
v 0.9 3.6 -1.4
v 2.9 3.6 -1.4
v 3 3.6 -1.4
v 0.8 3.6 -1.5
v 0.9 3.6 -1.5
v 2.9 3.6 -1.5
v 3 3.6 -1.5
v 0.8 3.6 -2.2
v 0.9 3.6 -2.2
v 2.9 3.6 -2.2
v 3 3.6 -2.2
v 0.8 3.6 -2.3
v 0.9 3.6 -2.3
v 2.9 3.6 -2.3
v 3 3.6 -2.3
v 1.7 3.6 -3.3
v 1.9 3.6 -3.3
v 1.7 3.6 -3.4
v 1.9 3.6 -3.4
v 0.8 3.7 -1.5
v 0.9 3.7 -1.5
v 2.9 3.7 -1.5
v 3 3.7 -1.5
v 0.8 3.7 -1.6
v 0.9 3.7 -1.6
v 2.9 3.7 -1.6
v 3 3.7 -1.6
v 2.9 3.7 -1.7
v 3 3.7 -1.7
v 2.9 3.7 -1.8
v 3 3.7 -1.8
v 2.9 3.7 -1.9
v 3 3.7 -1.9
v 2.9 3.7 -2
v 3 3.7 -2
v 0.8 3.7 -2.1
v 0.9 3.7 -2.1
v 2.9 3.7 -2.1
v 3 3.7 -2.1
v 0.8 3.7 -2.2
v 0.9 3.7 -2.2
v 2.9 3.7 -2.2
v 3 3.7 -2.2
v 0.8 3.8 -1.6
v 0.9 3.8 -1.6
v 0.8 3.8 -1.8
v 0.9 3.8 -1.8
v 0.8 3.8 -1.9
v 0.9 3.8 -1.9
v 0.8 3.8 -2.1
v 0.9 3.8 -2.1
v 0.8 3.9 -1.8
v 0.9 3.9 -1.8
v 2.9 3.9 -1.8
v 3 3.9 -1.8
v 0.8 3.9 -1.9
v 0.9 3.9 -1.9
v 2.9 3.9 -1.9
v 3 3.9 -1.9
v 1.5 4.2 -1.1
v 1.8 4.2 -1.1
v 1.6 4.2 -1.3
v 1.8 4.2 -1.3
v 1.9 4.2 -1.3
v 1.5 4.2 -1.5
v 1.6 4.2 -1.5
v 1.8 4.2 -1.5
v 1.9 4.2 -1.5
v 1.6 4.3 -1
v 1.8 4.3 -1
v 1.6 4.3 -1.1
v 1.8 4.3 -1.1
v 1.8 4.3 -1.2
v 1.9 4.3 -1.2
v 1.8 4.3 -1.3
v 1.9 4.3 -1.3
v 1.8 4.4 -1.1
v 1.9 4.4 -1.1
v 1.8 4.4 -1.2
v 1.9 4.4 -1.2
v 1.6 4.6 -0.9
v 1.8 4.6 -0.9
v 1.6 4.6 -1
v 1.8 4.6 -1
v 1.5 4.7 -0.9
v 1.6 4.7 -0.9
v 1.5 4.7 -1.1
v 1.6 4.7 -1.1
v 0.3 2.5 0
v 0.4 2.5 0
v 0.5 2.5 0
v 0.6 2.5 0
v 0.7 2.5 0
v 0.8 2.5 0
v 0.9 2.5 0
v 1 2.5 0
v 1.1 2.5 0
v 1.2 2.5 0
v 1.3 2.5 0
v 1.4 2.5 0
v 1.5 2.5 0
v 1.6 2.5 0
v 1.7 2.5 0
v 1.8 2.5 0
v 1.9 2.5 0
v 2 2.5 0
v 2.1 2.5 0
v 2.2 2.5 0
v 2.3 2.5 0
v 2.4 2.5 0
v 2.5 2.5 0
v 2.6 2.5 0
v 2.7 2.5 0
v 2.8 2.5 0
v 2.9 2.5 0
v 3 2.5 0
v 3.1 2.5 0
v 3.2 2.5 0
v 3.3 2.5 0
v 3.4 2.5 0
v 3.5 2.5 0
v 3.6 2.5 0
v 3.7 2.5 0
v 3.8 2.5 0
v 0.1 2.5 -0.1
v 0.3 2.5 -0.1
v 0.4 2.5 -0.1
v 0.5 2.5 -0.1
v 0.6 2.5 -0.1
v 0.7 2.5 -0.1
v 0.8 2.5 -0.1
v 0.9 2.5 -0.1
v 1 2.5 -0.1
v 1.1 2.5 -0.1
v 1.2 2.5 -0.1
v 1.3 2.5 -0.1
v 1.4 2.5 -0.1
v 1.5 2.5 -0.1
v 1.6 2.5 -0.1
v 1.7 2.5 -0.1
v 1.8 2.5 -0.1
v 1.9 2.5 -0.1
v 2 2.5 -0.1
v 2.1 2.5 -0.1
v 2.2 2.5 -0.1
v 2.3 2.5 -0.1
v 2.4 2.5 -0.1
v 2.5 2.5 -0.1
v 2.6 2.5 -0.1
v 2.7 2.5 -0.1
v 2.8 2.5 -0.1
v 2.9 2.5 -0.1
v 3 2.5 -0.1
v 3.1 2.5 -0.1
v 3.2 2.5 -0.1
v 3.3 2.5 -0.1
v 3.4 2.5 -0.1
v 3.5 2.5 -0.1
v 3.6 2.5 -0.1
v 3.7 2.5 -0.1
v 3.8 2.5 -0.1
v 4 2.5 -0.1
v 3.9 2.5 -0.2
v 4 2.5 -0.2
v 0.6 2.5 -0.3
v 0.7 2.5 -0.3
v 0.8 2.5 -0.3
v 0.9 2.5 -0.3
v 1 2.5 -0.3
v 1.1 2.5 -0.3
v 1.2 2.5 -0.3
v 1.3 2.5 -0.3
v 1.4 2.5 -0.3
v 1.5 2.5 -0.3
v 1.6 2.5 -0.3
v 1.7 2.5 -0.3
v 1.8 2.5 -0.3
v 1.9 2.5 -0.3
v 2 2.5 -0.3
v 3.9 2.5 -0.3
v 4 2.5 -0.3
v 0 2.5 -0.4
v 0.1 2.5 -0.4
v 0.6 2.5 -0.4
v 0.7 2.5 -0.4
v 1 2.5 -0.4
v 1.1 2.5 -0.4
v 1.3 2.5 -0.4
v 1.4 2.5 -0.4
v 1.6 2.5 -0.4
v 1.7 2.5 -0.4
v 1.9 2.5 -0.4
v 2 2.5 -0.4
v 3.9 2.5 -0.4
v 4 2.5 -0.4
v 0 2.5 -0.5
v 0.1 2.5 -0.5
v 0.6 2.5 -0.5
v 0.7 2.5 -0.5
v 1 2.5 -0.5
v 1.1 2.5 -0.5
v 1.3 2.5 -0.5
v 1.4 2.5 -0.5
v 1.6 2.5 -0.5
v 1.7 2.5 -0.5
v 1.9 2.5 -0.5
v 2 2.5 -0.5
v 3.1 2.5 -0.5
v 3.2 2.5 -0.5
v 3.9 2.5 -0.5
v 4 2.5 -0.5
v 0 2.5 -0.6
v 0.1 2.5 -0.6
v 0.6 2.5 -0.6
v 0.7 2.5 -0.6
v 1 2.5 -0.6
v 1.1 2.5 -0.6
v 1.3 2.5 -0.6
v 1.4 2.5 -0.6
v 1.6 2.5 -0.6
v 1.7 2.5 -0.6
v 1.9 2.5 -0.6
v 2 2.5 -0.6
v 3.1 2.5 -0.6
v 3.2 2.5 -0.6
v 3.9 2.5 -0.6
v 4 2.5 -0.6
v 0 2.5 -0.7
v 0.1 2.5 -0.7
v 0.6 2.5 -0.7
v 0.7 2.5 -0.7
v 1 2.5 -0.7
v 1.1 2.5 -0.7
v 1.3 2.5 -0.7
v 1.4 2.5 -0.7
v 1.6 2.5 -0.7
v 1.7 2.5 -0.7
v 1.9 2.5 -0.7
v 2 2.5 -0.7
v 3.1 2.5 -0.7
v 3.2 2.5 -0.7
v 3.3 2.5 -0.7
v 3.4 2.5 -0.7
v 3.9 2.5 -0.7
v 4 2.5 -0.7
v 0 2.5 -0.8
v 0.1 2.5 -0.8
v 0.6 2.5 -0.8
v 0.7 2.5 -0.8
v 1 2.5 -0.8
v 1.1 2.5 -0.8
v 1.3 2.5 -0.8
v 1.4 2.5 -0.8
v 1.6 2.5 -0.8
v 1.7 2.5 -0.8
v 1.9 2.5 -0.8
v 2 2.5 -0.8
v 3.1 2.5 -0.8
v 3.2 2.5 -0.8
v 3.3 2.5 -0.8
v 3.4 2.5 -0.8
v 3.9 2.5 -0.8
v 4 2.5 -0.8
v 0 2.5 -0.9
v 0.1 2.5 -0.9
v 0.6 2.5 -0.9
v 0.8 2.5 -0.9
v 0.9 2.5 -0.9
v 1.1 2.5 -0.9
v 1.2 2.5 -0.9
v 1.4 2.5 -0.9
v 1.5 2.5 -0.9
v 1.7 2.5 -0.9
v 1.8 2.5 -0.9
v 2 2.5 -0.9
v 3.9 2.5 -0.9
v 4 2.5 -0.9
v 0 2.5 -1
v 0.1 2.5 -1
v 3.1 2.5 -1
v 3.2 2.5 -1
v 3.3 2.5 -1
v 3.4 2.5 -1
v 3.9 2.5 -1
v 4 2.5 -1
v 0 2.5 -1.1
v 0.1 2.5 -1.1
v 0.9 2.5 -1.1
v 2.9 2.5 -1.1
v 3.1 2.5 -1.1
v 3.2 2.5 -1.1
v 3.3 2.5 -1.1
v 3.4 2.5 -1.1
v 3.9 2.5 -1.1
v 4 2.5 -1.1
v 0 2.5 -1.2
v 0.1 2.5 -1.2
v 3.9 2.5 -1.2
v 4 2.5 -1.2
v 0 2.5 -1.3
v 0.1 2.5 -1.3
v 3.9 2.5 -1.3
v 4 2.5 -1.3
v 0 2.5 -1.4
v 0.1 2.5 -1.4
v 3.9 2.5 -1.4
v 4 2.5 -1.4
v 0 2.5 -1.5
v 0.1 2.5 -1.5
v 3.9 2.5 -1.5
v 4 2.5 -1.5
v 0 2.5 -1.6
v 0.1 2.5 -1.6
v 2.9 2.5 -1.6
v 3.2 2.5 -1.6
v 3.9 2.5 -1.6
v 4 2.5 -1.6
v 0 2.5 -1.7
v 0.1 2.5 -1.7
v 3.1 2.5 -1.7
v 3.2 2.5 -1.7
v 3.9 2.5 -1.7
v 4 2.5 -1.7
v 0 2.5 -1.8
v 0.1 2.5 -1.8
v 0 2.5 -1.9
v 0.1 2.5 -1.9
v 0 2.5 -2
v 0.1 2.5 -2
v 3.1 2.5 -2
v 3.2 2.5 -2
v 0 2.5 -2.1
v 0.1 2.5 -2.1
v 2.9 2.5 -2.1
v 3.2 2.5 -2.1
v 0 2.5 -2.2
v 0.1 2.5 -2.2
v 0 2.5 -2.3
v 0.1 2.5 -2.3
v 2.9 2.5 -2.3
v 4 2.5 -2.3
v 0 2.5 -2.4
v 0.1 2.5 -2.4
v 3.9 2.5 -2.4
v 4 2.5 -2.4
v 0 2.5 -2.5
v 0.1 2.5 -2.5
v 3.9 2.5 -2.5
v 4 2.5 -2.5
v 0 2.5 -2.6
v 0.1 2.5 -2.6
v 0.9 2.5 -2.6
v 1.4 2.5 -2.6
v 2.2 2.5 -2.6
v 2.9 2.5 -2.6
v 3.9 2.5 -2.6
v 4 2.5 -2.6
v 0 2.5 -2.7
v 0.1 2.5 -2.7
v 3.9 2.5 -2.7
v 4 2.5 -2.7
v 0 2.5 -2.8
v 0.1 2.5 -2.8
v 3.9 2.5 -2.8
v 4 2.5 -2.8
v 0 2.5 -2.9
v 0.1 2.5 -2.9
v 3.9 2.5 -2.9
v 4 2.5 -2.9
v 0 2.5 -3
v 0.1 2.5 -3
v 0.2 2.5 -3
v 0.6 2.5 -3
v 2.5 2.5 -3
v 3.3 2.5 -3
v 3.9 2.5 -3
v 4 2.5 -3
v 0 2.5 -3.1
v 0.1 2.5 -3.1
v 0.2 2.5 -3.1
v 0.6 2.5 -3.1
v 0.7 2.5 -3.1
v 3.9 2.5 -3.1
v 4 2.5 -3.1
v 0 2.5 -3.2
v 0.1 2.5 -3.2
v 3.9 2.5 -3.2
v 4 2.5 -3.2
v 0 2.5 -3.3
v 0.1 2.5 -3.3
v 1.4 2.5 -3.3
v 1.6 2.5 -3.3
v 1.9 2.5 -3.3
v 2.2 2.5 -3.3
v 3.9 2.5 -3.3
v 4 2.5 -3.3
v 0 2.5 -3.4
v 0.1 2.5 -3.4
v 3.9 2.5 -3.4
v 4 2.5 -3.4
v 0 2.5 -3.5
v 0.1 2.5 -3.5
v 0.2 2.5 -3.5
v 0.6 2.5 -3.5
v 0.7 2.5 -3.5
v 3.9 2.5 -3.5
v 4 2.5 -3.5
v 0 2.5 -3.6
v 0.1 2.5 -3.6
v 0.2 2.5 -3.6
v 0.6 2.5 -3.6
v 3.9 2.5 -3.6
v 4 2.5 -3.6
v 0 2.5 -3.7
v 0.1 2.5 -3.7
v 3.9 2.5 -3.7
v 4 2.5 -3.7
v 2.5 2.5 -3.8
v 3.3 2.5 -3.8
v 3.9 2.5 -3.8
v 4 2.5 -3.8
v 0.1 2.5 -3.9
v 0.3 2.5 -3.9
v 0.4 2.5 -3.9
v 0.5 2.5 -3.9
v 0.6 2.5 -3.9
v 0.7 2.5 -3.9
v 0.8 2.5 -3.9
v 0.9 2.5 -3.9
v 1 2.5 -3.9
v 1.1 2.5 -3.9
v 1.2 2.5 -3.9
v 1.3 2.5 -3.9
v 1.4 2.5 -3.9
v 1.5 2.5 -3.9
v 1.6 2.5 -3.9
v 1.7 2.5 -3.9
v 1.8 2.5 -3.9
v 1.9 2.5 -3.9
v 2 2.5 -3.9
v 2.1 2.5 -3.9
v 2.2 2.5 -3.9
v 2.3 2.5 -3.9
v 2.4 2.5 -3.9
v 2.5 2.5 -3.9
v 2.6 2.5 -3.9
v 2.7 2.5 -3.9
v 2.8 2.5 -3.9
v 2.9 2.5 -3.9
v 3 2.5 -3.9
v 3.1 2.5 -3.9
v 3.2 2.5 -3.9
v 3.3 2.5 -3.9
v 3.4 2.5 -3.9
v 3.5 2.5 -3.9
v 3.6 2.5 -3.9
v 3.7 2.5 -3.9
v 3.8 2.5 -3.9
v 3.9 2.5 -3.9
v 0.3 2.5 -4
v 0.4 2.5 -4
v 0.5 2.5 -4
v 0.6 2.5 -4
v 0.7 2.5 -4
v 0.8 2.5 -4
v 0.9 2.5 -4
v 1 2.5 -4
v 1.1 2.5 -4
v 1.2 2.5 -4
v 1.3 2.5 -4
v 1.4 2.5 -4
v 1.5 2.5 -4
v 1.6 2.5 -4
v 1.7 2.5 -4
v 1.8 2.5 -4
v 1.9 2.5 -4
v 2 2.5 -4
v 2.1 2.5 -4
v 2.2 2.5 -4
v 2.3 2.5 -4
v 2.4 2.5 -4
v 2.5 2.5 -4
v 2.6 2.5 -4
v 2.7 2.5 -4
v 2.8 2.5 -4
v 2.9 2.5 -4
v 3 2.5 -4
v 3.1 2.5 -4
v 3.2 2.5 -4
v 3.3 2.5 -4
v 3.4 2.5 -4
v 3.5 2.5 -4
v 3.6 2.5 -4
v 3.7 2.5 -4
v 3.8 2.5 -4
v 3.8 2.6 0
v 3.9 2.6 0
v 3.8 2.6 -0.1
v 3.9 2.6 -0.1
v 1 2.6 -1.2
v 2.8 2.6 -1.2
v 2.8 2.6 -1.7
v 2.9 2.6 -1.7
v 3.1 2.6 -1.7
v 2.8 2.6 -2
v 2.9 2.6 -2
v 3.1 2.6 -2
v 1 2.6 -2.5
v 1.5 2.6 -2.5
v 2.1 2.6 -2.5
v 2.8 2.6 -2.5
v 1.5 2.6 -3.2
v 1.6 2.6 -3.2
v 1.7 2.6 -3.2
v 1.8 2.6 -3.2
v 1.9 2.6 -3.2
v 2.1 2.6 -3.2
v 0.6 2.7 -0.3
v 0.7 2.7 -0.3
v 1 2.7 -0.3
v 1.1 2.7 -0.3
v 1.3 2.7 -0.3
v 1.4 2.7 -0.3
v 1.6 2.7 -0.3
v 1.7 2.7 -0.3
v 1.9 2.7 -0.3
v 2 2.7 -0.3
v 0.6 2.7 -0.4
v 0.7 2.7 -0.4
v 1 2.7 -0.4
v 1.1 2.7 -0.4
v 1.3 2.7 -0.4
v 1.4 2.7 -0.4
v 1.6 2.7 -0.4
v 1.7 2.7 -0.4
v 1.9 2.7 -0.4
v 2 2.7 -0.4
v 0.6 2.7 -0.5
v 0.7 2.7 -0.5
v 1 2.7 -0.5
v 1.1 2.7 -0.5
v 1.3 2.7 -0.5
v 1.4 2.7 -0.5
v 1.6 2.7 -0.5
v 1.7 2.7 -0.5
v 1.9 2.7 -0.5
v 2 2.7 -0.5
v 0.6 2.7 -0.6
v 0.7 2.7 -0.6
v 1 2.7 -0.6
v 1.1 2.7 -0.6
v 1.3 2.7 -0.6
v 1.4 2.7 -0.6
v 1.6 2.7 -0.6
v 1.7 2.7 -0.6
v 1.9 2.7 -0.6
v 2 2.7 -0.6
v 0.6 2.7 -0.7
v 0.7 2.7 -0.7
v 1 2.7 -0.7
v 1.1 2.7 -0.7
v 1.3 2.7 -0.7
v 1.4 2.7 -0.7
v 1.6 2.7 -0.7
v 1.7 2.7 -0.7
v 1.9 2.7 -0.7
v 2 2.7 -0.7
v 0.6 2.7 -0.8
v 0.7 2.7 -0.8
v 1 2.7 -0.8
v 1.1 2.7 -0.8
v 1.3 2.7 -0.8
v 1.4 2.7 -0.8
v 1.6 2.7 -0.8
v 1.7 2.7 -0.8
v 1.9 2.7 -0.8
v 2 2.7 -0.8
v 2.9 2.7 -1.6
v 3 2.7 -1.6
v 3.1 2.7 -1.6
v 2.9 2.7 -1.7
v 3.1 2.7 -1.7
v 2.9 2.7 -2
v 3.1 2.7 -2
v 2.9 2.7 -2.1
v 3 2.7 -2.1
v 3.1 2.7 -2.1
v 2.5 2.7 -3
v 3.3 2.7 -3
v 0.2 2.7 -3.1
v 0.6 2.7 -3.1
v 2.6 2.7 -3.1
v 3.2 2.7 -3.1
v 2.9 2.7 -3.3
v 3 2.7 -3.3
v 2.9 2.7 -3.4
v 3 2.7 -3.4
v 0.2 2.7 -3.5
v 0.6 2.7 -3.5
v 2.6 2.7 -3.5
v 2.7 2.7 -3.5
v 2.6 2.7 -3.6
v 2.7 2.7 -3.6
v 2.6 2.7 -3.7
v 3.2 2.7 -3.7
v 2.5 2.7 -3.8
v 3.3 2.7 -3.8
v 0 2.8 0
v 0.3 2.8 0
v 0.4 2.8 0
v 0.5 2.8 0
v 0.6 2.8 0
v 0.7 2.8 0
v 0.8 2.8 0
v 0.9 2.8 0
v 1 2.8 0
v 1.1 2.8 0
v 1.2 2.8 0
v 1.3 2.8 0
v 1.4 2.8 0
v 1.5 2.8 0
v 1.6 2.8 0
v 1.7 2.8 0
v 1.8 2.8 0
v 1.9 2.8 0
v 2 2.8 0
v 2.1 2.8 0
v 2.2 2.8 0
v 2.3 2.8 0
v 2.4 2.8 0
v 2.5 2.8 0
v 2.6 2.8 0
v 2.7 2.8 0
v 2.8 2.8 0
v 2.9 2.8 0
v 3 2.8 0
v 3.1 2.8 0
v 3.2 2.8 0
v 3.3 2.8 0
v 3.4 2.8 0
v 3.5 2.8 0
v 3.6 2.8 0
v 3.7 2.8 0
v 3.9 2.8 0
v 4 2.8 0
v 0.1 2.8 -0.1
v 0.3 2.8 -0.1
v 0.4 2.8 -0.1
v 0.5 2.8 -0.1
v 0.6 2.8 -0.1
v 0.7 2.8 -0.1
v 0.8 2.8 -0.1
v 0.9 2.8 -0.1
v 1 2.8 -0.1
v 1.1 2.8 -0.1
v 1.2 2.8 -0.1
v 1.3 2.8 -0.1
v 1.4 2.8 -0.1
v 1.5 2.8 -0.1
v 1.6 2.8 -0.1
v 1.7 2.8 -0.1
v 1.8 2.8 -0.1
v 1.9 2.8 -0.1
v 2 2.8 -0.1
v 2.1 2.8 -0.1
v 2.2 2.8 -0.1
v 2.3 2.8 -0.1
v 2.4 2.8 -0.1
v 2.5 2.8 -0.1
v 2.6 2.8 -0.1
v 2.7 2.8 -0.1
v 2.8 2.8 -0.1
v 2.9 2.8 -0.1
v 3 2.8 -0.1
v 3.1 2.8 -0.1
v 3.2 2.8 -0.1
v 3.3 2.8 -0.1
v 3.4 2.8 -0.1
v 3.5 2.8 -0.1
v 3.6 2.8 -0.1
v 3.7 2.8 -0.1
v 3.9 2.8 -0.1
v 4 2.8 -0.1
v 3.9 2.8 -0.2
v 4 2.8 -0.2
v 3.9 2.8 -0.3
v 4 2.8 -0.3
v 0 2.8 -0.4
v 0.1 2.8 -0.4
v 3.9 2.8 -0.4
v 4 2.8 -0.4
v 0 2.8 -0.5
v 0.1 2.8 -0.5
v 3.9 2.8 -0.5
v 4 2.8 -0.5
v 0 2.8 -0.6
v 0.1 2.8 -0.6
v 3.9 2.8 -0.6
v 4 2.8 -0.6
v 0 2.8 -0.7
v 0.1 2.8 -0.7
v 3.9 2.8 -0.7
v 4 2.8 -0.7
v 0 2.8 -0.8
v 0.1 2.8 -0.8
v 3.9 2.8 -0.8
v 4 2.8 -0.8
v 0 2.8 -0.9
v 0.1 2.8 -0.9
v 3.9 2.8 -0.9
v 4 2.8 -0.9
v 0 2.8 -1
v 0.1 2.8 -1
v 3.9 2.8 -1
v 4 2.8 -1
v 0 2.8 -1.1
v 0.1 2.8 -1.1
v 3.9 2.8 -1.1
v 4 2.8 -1.1
v 0 2.8 -1.2
v 0.1 2.8 -1.2
v 3.9 2.8 -1.2
v 4 2.8 -1.2
v 0 2.8 -1.3
v 0.1 2.8 -1.3
v 2.9 2.8 -1.3
v 3 2.8 -1.3
v 3.9 2.8 -1.3
v 4 2.8 -1.3
v 0 2.8 -1.4
v 0.1 2.8 -1.4
v 3.9 2.8 -1.4
v 4 2.8 -1.4
v 0 2.8 -1.5
v 0.1 2.8 -1.5
v 2.9 2.8 -1.5
v 3 2.8 -1.5
v 3.9 2.8 -1.5
v 4 2.8 -1.5
v 0 2.8 -1.6
v 0.1 2.8 -1.6
v 3.9 2.8 -1.6
v 4 2.8 -1.6
v 0 2.8 -1.7
v 0.1 2.8 -1.7
v 3.9 2.8 -1.7
v 4 2.8 -1.7
v 0 2.8 -1.8
v 0.1 2.8 -1.8
v 0 2.8 -1.9
v 0.1 2.8 -1.9
v 0 2.8 -2
v 0.1 2.8 -2
v 0 2.8 -2.1
v 0.1 2.8 -2.1
v 0 2.8 -2.2
v 0.1 2.8 -2.2
v 2.9 2.8 -2.2
v 3 2.8 -2.2
v 0 2.8 -2.3
v 0.1 2.8 -2.3
v 0 2.8 -2.4
v 0.1 2.8 -2.4
v 2.9 2.8 -2.4
v 3 2.8 -2.4
v 3.9 2.8 -2.4
v 4 2.8 -2.4
v 0 2.8 -2.5
v 0.1 2.8 -2.5
v 3.9 2.8 -2.5
v 4 2.8 -2.5
v 0 2.8 -2.6
v 0.1 2.8 -2.6
v 3.9 2.8 -2.6
v 4 2.8 -2.6
v 0 2.8 -2.7
v 0.1 2.8 -2.7
v 3.9 2.8 -2.7
v 4 2.8 -2.7
v 0 2.8 -2.8
v 0.1 2.8 -2.8
v 3.9 2.8 -2.8
v 4 2.8 -2.8
v 0 2.8 -2.9
v 0.1 2.8 -2.9
v 3.9 2.8 -2.9
v 4 2.8 -2.9
v 0 2.8 -3
v 0.1 2.8 -3
v 3.9 2.8 -3
v 4 2.8 -3
v 0 2.8 -3.1
v 0.1 2.8 -3.1
v 3.9 2.8 -3.1
v 4 2.8 -3.1
v 0 2.8 -3.2
v 0.1 2.8 -3.2
v 3.9 2.8 -3.2
v 4 2.8 -3.2
v 0 2.8 -3.3
v 0.1 2.8 -3.3
v 1.6 2.8 -3.3
v 1.7 2.8 -3.3
v 1.8 2.8 -3.3
v 1.9 2.8 -3.3
v 2.9 2.8 -3.3
v 3 2.8 -3.3
v 3.9 2.8 -3.3
v 4 2.8 -3.3
v 0 2.8 -3.4
v 0.1 2.8 -3.4
v 1.6 2.8 -3.4
v 1.7 2.8 -3.4
v 1.8 2.8 -3.4
v 1.9 2.8 -3.4
v 2.9 2.8 -3.4
v 3 2.8 -3.4
v 3.9 2.8 -3.4
v 4 2.8 -3.4
v 0 2.8 -3.5
v 0.1 2.8 -3.5
v 2.6 2.8 -3.5
v 2.7 2.8 -3.5
v 3.9 2.8 -3.5
v 4 2.8 -3.5
v 0 2.8 -3.6
v 0.1 2.8 -3.6
v 2.6 2.8 -3.6
v 2.7 2.8 -3.6
v 3.9 2.8 -3.6
v 4 2.8 -3.6
v 0 2.8 -3.7
v 0.1 2.8 -3.7
v 3.9 2.8 -3.7
v 4 2.8 -3.7
v 3.9 2.8 -3.8
v 4 2.8 -3.8
v 0.1 2.8 -3.9
v 0.3 2.8 -3.9
v 0.4 2.8 -3.9
v 0.5 2.8 -3.9
v 0.6 2.8 -3.9
v 0.7 2.8 -3.9
v 0.8 2.8 -3.9
v 0.9 2.8 -3.9
v 1 2.8 -3.9
v 1.1 2.8 -3.9
v 1.2 2.8 -3.9
v 1.3 2.8 -3.9
v 1.4 2.8 -3.9
v 1.5 2.8 -3.9
v 1.6 2.8 -3.9
v 1.7 2.8 -3.9
v 1.8 2.8 -3.9
v 1.9 2.8 -3.9
v 2 2.8 -3.9
v 2.1 2.8 -3.9
v 2.2 2.8 -3.9
v 2.3 2.8 -3.9
v 2.4 2.8 -3.9
v 2.5 2.8 -3.9
v 2.6 2.8 -3.9
v 2.7 2.8 -3.9
v 2.8 2.8 -3.9
v 2.9 2.8 -3.9
v 3 2.8 -3.9
v 3.1 2.8 -3.9
v 3.2 2.8 -3.9
v 3.3 2.8 -3.9
v 3.4 2.8 -3.9
v 3.5 2.8 -3.9
v 3.6 2.8 -3.9
v 3.7 2.8 -3.9
v 3.8 2.8 -3.9
v 3.9 2.8 -3.9
v 0 2.8 -4
v 0.3 2.8 -4
v 0.4 2.8 -4
v 0.5 2.8 -4
v 0.6 2.8 -4
v 0.7 2.8 -4
v 0.8 2.8 -4
v 0.9 2.8 -4
v 1 2.8 -4
v 1.1 2.8 -4
v 1.2 2.8 -4
v 1.3 2.8 -4
v 1.4 2.8 -4
v 1.5 2.8 -4
v 1.6 2.8 -4
v 1.7 2.8 -4
v 1.8 2.8 -4
v 1.9 2.8 -4
v 2 2.8 -4
v 2.1 2.8 -4
v 2.2 2.8 -4
v 2.3 2.8 -4
v 2.4 2.8 -4
v 2.5 2.8 -4
v 2.6 2.8 -4
v 2.7 2.8 -4
v 2.8 2.8 -4
v 2.9 2.8 -4
v 3 2.8 -4
v 3.1 2.8 -4
v 3.2 2.8 -4
v 3.3 2.8 -4
v 3.4 2.8 -4
v 3.5 2.8 -4
v 3.6 2.8 -4
v 3.7 2.8 -4
v 3.8 2.8 -4
v 4 2.8 -4
v 3.1 2.9 -0.5
v 3.2 2.9 -0.5
v 3.1 2.9 -0.6
v 3.2 2.9 -0.6
v 3.1 2.9 -0.7
v 3.2 2.9 -0.7
v 3.4 2.9 -0.7
v 3.3 2.9 -0.8
v 3.4 2.9 -0.8
v 3.1 2.9 -0.9
v 3.2 2.9 -0.9
v 3.3 2.9 -0.9
v 3.4 2.9 -0.9
v 1.7 2.9 -1
v 2 2.9 -1
v 3.1 2.9 -1
v 3.2 2.9 -1
v 3.3 2.9 -1
v 3.4 2.9 -1
v 1.7 2.9 -1.1
v 2 2.9 -1.1
v 3.2 2.9 -1.2
v 3.3 2.9 -1.2
v 3.2 2.9 -1.3
v 3.3 2.9 -1.3
v 0.8 2.9 -1.6
v 0.9 2.9 -1.6
v 2.9 2.9 -1.7
v 3 2.9 -1.7
v 2.9 2.9 -1.8
v 3 2.9 -1.8
v 2.9 2.9 -1.9
v 3 2.9 -1.9
v 0.8 2.9 -2
v 0.9 2.9 -2
v 2.9 2.9 -2
v 3 2.9 -2
v 1.3 2.9 -2.6
v 1.4 2.9 -2.6
v 2.2 2.9 -2.6
v 2.3 2.9 -2.6
v 1.3 2.9 -2.8
v 1.4 2.9 -2.8
v 2.2 2.9 -2.8
v 2.3 2.9 -2.8
v 0.1 2.9 -2.9
v 0.7 2.9 -2.9
v 1.3 2.9 -2.9
v 1.4 2.9 -2.9
v 2.2 2.9 -2.9
v 2.3 2.9 -2.9
v 0.1 2.9 -3
v 0.7 2.9 -3
v 0.6 2.9 -3.1
v 0.7 2.9 -3.1
v 1.3 2.9 -3.2
v 1.4 2.9 -3.2
v 2.2 2.9 -3.2
v 2.3 2.9 -3.2
v 0.6 2.9 -3.5
v 0.7 2.9 -3.5
v 0.1 2.9 -3.6
v 0.7 2.9 -3.6
v 0.1 2.9 -3.7
v 0.7 2.9 -3.7
v 3.1 3 -1
v 3.4 3 -1
v 3.1 3 -1.1
v 3.2 3 -1.1
v 3.3 3 -1.1
v 3.4 3 -1.1
v 3.1 3 -1.2
v 3.2 3 -1.2
v 3.3 3 -1.2
v 3.4 3 -1.2
v 0.1 3 -3
v 0.7 3 -3
v 0.1 3 -3.1
v 0.7 3 -3.1
v 0.1 3 -3.5
v 0.7 3 -3.5
v 0.1 3 -3.6
v 0.7 3 -3.6
v 2.9 3.1 -1.2
v 3 3.1 -1.2
v 2.9 3.1 -1.6
v 3 3.1 -1.6
v 2.9 3.1 -2.1
v 3 3.1 -2.1
v 2.9 3.1 -2.5
v 3 3.1 -2.5
v 0.1 3.1 -3.1
v 0.7 3.1 -3.1
v 0.1 3.1 -3.2
v 0.7 3.1 -3.2
v 0.1 3.1 -3.4
v 0.7 3.1 -3.4
v 0.1 3.1 -3.5
v 0.7 3.1 -3.5
v 1.6 3.2 -1
v 2.1 3.2 -1
v 1.6 3.2 -1.1
v 2.1 3.2 -1.1
v 0.8 3.2 -1.5
v 0.9 3.2 -1.5
v 2.9 3.2 -1.6
v 3.2 3.2 -1.6
v 2.9 3.2 -1.7
v 3.2 3.2 -1.7
v 2.9 3.2 -2
v 3.2 3.2 -2
v 0.8 3.2 -2.1
v 0.9 3.2 -2.1
v 2.9 3.2 -2.1
v 3.2 3.2 -2.1
v 1.3 3.2 -2.6
v 1.4 3.2 -2.6
v 2.2 3.2 -2.6
v 2.3 3.2 -2.6
v 0.1 3.2 -3.2
v 0.7 3.2 -3.2
v 1.3 3.2 -3.3
v 1.4 3.2 -3.3
v 2.2 3.2 -3.3
v 2.3 3.2 -3.3
v 0.1 3.2 -3.4
v 0.7 3.2 -3.4
v 1.7 3.2 -3.4
v 1.9 3.2 -3.4
v 1.7 3.2 -3.6
v 1.9 3.2 -3.6
v 2.9 3.3 -1.7
v 3.2 3.3 -1.7
v 2.9 3.3 -1.8
v 3.2 3.3 -1.8
v 2.9 3.3 -1.9
v 3.2 3.3 -1.9
v 2.9 3.3 -2
v 3.2 3.3 -2
v 0.8 3.4 -1.1
v 3 3.4 -1.1
v 0.8 3.4 -1.2
v 3 3.4 -1.2
v 3 3.4 -1.8
v 3.2 3.4 -1.8
v 3 3.4 -1.9
v 3.2 3.4 -1.9
v 0.8 3.4 -2.5
v 1.5 3.4 -2.5
v 2.1 3.4 -2.5
v 3 3.4 -2.5
v 0.8 3.4 -2.6
v 1.4 3.4 -2.6
v 2.2 3.4 -2.6
v 3 3.4 -2.6
v 1.6 3.4 -3.3
v 2 3.4 -3.3
v 1.4 3.4 -3.4
v 1.5 3.4 -3.4
v 1.6 3.4 -3.4
v 2 3.4 -3.4
v 2.1 3.4 -3.4
v 2.2 3.4 -3.4
v 0.8 3.5 -1.2
v 3 3.5 -1.2
v 0.8 3.5 -1.3
v 3 3.5 -1.3
v 2.9 3.5 -1.7
v 3 3.5 -1.7
v 2.9 3.5 -1.8
v 3 3.5 -1.8
v 2.9 3.5 -1.9
v 3 3.5 -1.9
v 2.9 3.5 -2
v 3 3.5 -2
v 0.8 3.5 -2.4
v 1.6 3.5 -2.4
v 2 3.5 -2.4
v 3 3.5 -2.4
v 0.8 3.5 -2.5
v 1.5 3.5 -2.5
v 2.1 3.5 -2.5
v 3 3.5 -2.5
v 1.5 3.5 -3.4
v 1.6 3.5 -3.4
v 2 3.5 -3.4
v 2.1 3.5 -3.4
v 0.8 3.6 -1.3
v 1.6 3.6 -1.3
v 1.8 3.6 -1.3
v 3 3.6 -1.3
v 0.8 3.6 -1.4
v 1.6 3.6 -1.4
v 1.8 3.6 -1.4
v 3 3.6 -1.4
v 0.8 3.6 -2.3
v 3 3.6 -2.3
v 0.8 3.6 -2.4
v 1.6 3.6 -2.4
v 1.7 3.6 -2.4
v 1.9 3.6 -2.4
v 2 3.6 -2.4
v 3 3.6 -2.4
v 1.6 3.6 -3.4
v 1.7 3.6 -3.4
v 1.9 3.6 -3.4
v 2 3.6 -3.4
v 0.8 3.7 -1.4
v 1.6 3.7 -1.4
v 1.8 3.7 -1.4
v 3 3.7 -1.4
v 0.8 3.7 -1.5
v 1.6 3.7 -1.5
v 1.8 3.7 -1.5
v 3 3.7 -1.5
v 0.8 3.7 -2.2
v 3 3.7 -2.2
v 0.8 3.7 -2.3
v 3 3.7 -2.3
v 1.7 3.7 -2.4
v 1.9 3.7 -2.4
v 1.7 3.7 -3.4
v 1.9 3.7 -3.4
v 0.8 3.8 -1.5
v 1.6 3.8 -1.5
v 1.8 3.8 -1.5
v 3 3.8 -1.5
v 0.8 3.8 -1.6
v 3 3.8 -1.6
v 2.9 3.8 -1.8
v 3 3.8 -1.8
v 2.9 3.8 -1.9
v 3 3.8 -1.9
v 0.8 3.8 -2.1
v 3 3.8 -2.1
v 0.8 3.8 -2.2
v 3 3.8 -2.2
v 0.8 3.9 -1.6
v 3 3.9 -1.6
v 0.8 3.9 -1.8
v 3 3.9 -1.8
v 0.8 3.9 -1.9
v 3 3.9 -1.9
v 0.8 3.9 -2.1
v 3 3.9 -2.1
v 0.8 4 -1.8
v 3 4 -1.8
v 0.8 4 -1.9
v 3 4 -1.9
v 1.5 4.3 -1.4
v 1.9 4.3 -1.4
v 1.5 4.3 -1.5
v 1.9 4.3 -1.5
v 1.8 4.4 -1.3
v 1.9 4.4 -1.3
v 1.8 4.4 -1.4
v 1.9 4.4 -1.4
v 1.5 4.5 -1.1
v 1.6 4.5 -1.1
v 1.8 4.5 -1.1
v 1.9 4.5 -1.1
v 1.6 4.5 -1.3
v 1.8 4.5 -1.3
v 1.9 4.5 -1.3
v 1.5 4.5 -1.4
v 1.8 4.5 -1.4
v 1.6 4.6 -1.2
v 1.8 4.6 -1.2
v 1.6 4.6 -1.3
v 1.8 4.6 -1.3
v 1.6 4.7 -1.1
v 1.8 4.7 -1.1
v 1.6 4.7 -1.2
v 1.8 4.7 -1.2
v 1.5 4.8 -0.9
v 1.8 4.8 -0.9
v 1.5 4.8 -1.1
v 1.8 4.8 -1.1

# faces
f 3/16/1 2/16/1 1/16/1
f 4/16/1 2/16/1 3/16/1
f 5/17/1 4/17/1 3/17/1
f 6/17/1 4/17/1 5/17/1
f 7/17/1 4/17/1 6/17/1
f 8/17/1 4/17/1 7/17/1
f 9/17/1 4/17/1 8/17/1
f 10/17/1 4/17/1 9/17/1
f 11/17/1 4/17/1 10/17/1
f 12/17/1 4/17/1 11/17/1
f 13/17/1 4/17/1 12/17/1
f 14/17/1 4/17/1 13/17/1
f 15/17/1 4/17/1 14/17/1
f 16/17/1 4/17/1 15/17/1
f 17/17/1 4/17/1 16/17/1
f 18/17/1 4/17/1 17/17/1
f 19/17/1 4/17/1 18/17/1
f 20/17/1 4/17/1 19/17/1
f 21/17/1 4/17/1 20/17/1
f 22/17/1 4/17/1 21/17/1
f 23/17/1 4/17/1 22/17/1
f 24/17/1 4/17/1 23/17/1
f 25/17/1 4/17/1 24/17/1
f 26/17/1 4/17/1 25/17/1
f 27/17/1 4/17/1 26/17/1
f 28/17/1 4/17/1 27/17/1
f 29/17/1 4/17/1 28/17/1
f 30/17/1 4/17/1 29/17/1
f 31/17/1 4/17/1 30/17/1
f 32/17/1 4/17/1 31/17/1
f 33/17/1 4/17/1 32/17/1
f 34/17/1 4/17/1 33/17/1
f 35/17/1 4/17/1 34/17/1
f 36/17/1 4/17/1 35/17/1
f 37/17/1 4/17/1 36/17/1
f 38/17/1 4/17/1 37/17/1
f 39/17/1 4/17/1 38/17/1
f 40/17/1 4/17/1 39/17/1
f 41/21/1 6/21/1 5/21/1
f 42/21/1 6/21/1 41/21/1
f 43/21/1 8/21/1 7/21/1
f 44/21/1 8/21/1 43/21/1
f 45/21/1 10/21/1 9/21/1
f 46/21/1 10/21/1 45/21/1
f 47/21/1 12/21/1 11/21/1
f 48/21/1 12/21/1 47/21/1
f 49/21/1 14/21/1 13/21/1
f 50/21/1 14/21/1 49/21/1
f 51/21/1 16/21/1 15/21/1
f 52/21/1 16/21/1 51/21/1
f 53/21/1 18/21/1 17/21/1
f 54/21/1 18/21/1 53/21/1
f 55/21/1 20/21/1 19/21/1
f 56/21/1 20/21/1 55/21/1
f 57/21/1 22/21/1 21/21/1
f 58/21/1 22/21/1 57/21/1
f 59/21/1 24/21/1 23/21/1
f 60/21/1 24/21/1 59/21/1
f 61/21/1 26/21/1 25/21/1
f 62/21/1 26/21/1 61/21/1
f 63/21/1 28/21/1 27/21/1
f 64/21/1 28/21/1 63/21/1
f 65/21/1 30/21/1 29/21/1
f 66/21/1 30/21/1 65/21/1
f 67/21/1 32/21/1 31/21/1
f 68/21/1 32/21/1 67/21/1
f 69/21/1 34/21/1 33/21/1
f 70/21/1 34/21/1 69/21/1
f 71/21/1 36/21/1 35/21/1
f 72/21/1 36/21/1 71/21/1
f 73/21/1 38/21/1 37/21/1
f 74/21/1 38/21/1 73/21/1
f 75/21/1 40/21/1 39/21/1
f 76/21/1 40/21/1 75/21/1
f 84/3/1 78/3/1 77/3/1
f 85/3/1 78/3/1 84/3/1
f 86/3/1 80/3/1 79/3/1
f 87/3/1 80/3/1 86/3/1
f 90/16/1 82/16/1 81/16/1
f 91/16/1 82/16/1 90/16/1
f 92/3/1 85/3/1 84/3/1
f 92/3/1 84/3/1 83/3/1
f 92/3/1 86/3/1 85/3/1
f 92/3/1 87/3/1 86/3/1
f 93/3/1 87/3/1 92/3/1
f 94/16/1 89/16/1 88/16/1
f 95/16/1 89/16/1 94/16/1
f 96/16/1 93/16/1 92/16/1
f 96/16/1 94/16/1 93/16/1
f 96/16/1 92/16/1 91/16/1
f 97/16/1 94/16/1 96/16/1
f 98/16/1 94/16/1 97/16/1
f 99/16/1 94/16/1 98/16/1
f 100/16/1 98/16/1 97/16/1
f 101/16/1 98/16/1 100/16/1
f 102/16/1 98/16/1 101/16/1
f 103/16/1 98/16/1 102/16/1
f 104/16/1 102/16/1 101/16/1
f 105/16/1 102/16/1 104/16/1
f 110/3/1 107/3/1 106/3/1
f 111/3/1 109/3/1 108/3/1
f 112/3/1 107/3/1 110/3/1
f 113/3/1 107/3/1 112/3/1
f 114/3/1 111/3/1 108/3/1
f 115/3/1 111/3/1 114/3/1
f 120/21/1 117/21/1 116/21/1
f 121/21/1 117/21/1 120/21/1
f 122/21/1 119/21/1 118/21/1
f 123/21/1 119/21/1 122/21/1
f 134/14/1 127/14/1 126/14/1
f 135/14/1 127/14/1 134/14/1
f 136/14/1 129/14/1 128/14/1
f 137/14/1 129/14/1 136/14/1
f 138/14/1 131/14/1 130/14/1
f 139/14/1 131/14/1 138/14/1
f 140/15/1 135/15/1 134/15/1
f 141/15/1 135/15/1 140/15/1
f 142/15/1 137/15/1 136/15/1
f 143/15/1 137/15/1 142/15/1
f 144/15/1 139/15/1 138/15/1
f 145/15/1 139/15/1 144/15/1
f 148/21/1 125/21/1 124/21/1
f 149/21/1 125/21/1 148/21/1
f 150/21/1 133/21/1 132/21/1
f 151/21/1 133/21/1 150/21/1
f 152/3/1 147/3/1 146/3/1
f 153/3/1 147/3/1 152/3/1
f 158/21/1 155/21/1 154/21/1
f 159/21/1 155/21/1 158/21/1
f 162/21/1 157/21/1 156/21/1
f 163/21/1 157/21/1 162/21/1
f 164/19/1 161/19/1 160/19/1
f 165/19/1 161/19/1 164/19/1
f 166/19/1 164/19/1 160/19/1
f 167/19/1 161/19/1 165/19/1
f 168/19/1 166/19/1 160/19/1
f 168/19/1 167/19/1 166/19/1
f 169/19/1 161/19/1 167/19/1
f 169/19/1 167/19/1 168/19/1
f 174/16/1 171/16/1 170/16/1
f 175/16/1 171/16/1 174/16/1
f 178/16/1 173/16/1 172/16/1
f 179/16/1 173/16/1 178/16/1
f 180/16/1 176/16/1 175/16/1
f 181/16/1 176/16/1 180/16/1
f 184/16/1 178/16/1 177/16/1
f 185/16/1 178/16/1 184/16/1
f 186/16/1 182/16/1 181/16/1
f 187/16/1 182/16/1 186/16/1
f 190/16/1 184/16/1 183/16/1
f 191/16/1 184/16/1 190/16/1
f 192/16/1 188/16/1 187/16/1
f 193/16/1 188/16/1 192/16/1
f 196/16/1 190/16/1 189/16/1
f 197/16/1 190/16/1 196/16/1
f 198/16/1 194/16/1 193/16/1
f 199/16/1 194/16/1 198/16/1
f 202/16/1 196/16/1 195/16/1
f 203/16/1 196/16/1 202/16/1
f 204/16/1 200/16/1 199/16/1
f 205/16/1 200/16/1 204/16/1
f 206/16/1 202/16/1 201/16/1
f 207/16/1 202/16/1 206/16/1
f 208/16/1 206/16/1 205/16/1
f 209/16/1 206/16/1 208/16/1
f 212/22/1 211/22/1 210/22/1
f 213/22/1 211/22/1 212/22/1
f 214/18/1 213/18/1 212/18/1
f 215/18/1 213/18/1 214/18/1
f 216/17/1 215/17/1 214/17/1
f 217/17/1 215/17/1 216/17/1
f 218/17/1 215/17/1 217/17/1
f 219/17/1 215/17/1 218/17/1
f 220/18/1 217/18/1 216/18/1
f 221/18/1 217/18/1 220/18/1
f 224/18/1 219/18/1 218/18/1
f 225/18/1 219/18/1 224/18/1
f 226/17/1 221/17/1 220/17/1
f 227/17/1 221/17/1 226/17/1
f 228/17/1 225/17/1 224/17/1
f 229/17/1 225/17/1 228/17/1
f 230/18/1 227/18/1 226/18/1
f 231/18/1 227/18/1 230/18/1
f 232/20/1 223/20/1 222/20/1
f 233/20/1 223/20/1 232/20/1
f 234/18/1 229/18/1 228/18/1
f 235/18/1 229/18/1 234/18/1
f 236/17/1 231/17/1 230/17/1
f 237/17/1 231/17/1 236/17/1
f 238/17/1 235/17/1 234/17/1
f 239/17/1 235/17/1 238/17/1
f 240/18/1 237/18/1 236/18/1
f 240/18/1 238/18/1 237/18/1
f 240/18/1 239/18/1 238/18/1
f 241/18/1 239/18/1 240/18/1
f 242/18/1 239/18/1 241/18/1
f 243/18/1 239/18/1 242/18/1
f 244/17/1 242/17/1 241/17/1
f 245/17/1 242/17/1 244/17/1
f 246/17/1 242/17/1 245/17/1
f 247/17/1 242/17/1 246/17/1
f 248/18/1 246/18/1 245/18/1
f 249/18/1 246/18/1 248/18/1
f 250/18/1 246/18/1 249/18/1
f 251/18/1 246/18/1 250/18/1
f 252/17/1 250/17/1 249/17/1
f 253/17/1 250/17/1 252/17/1
f 254/17/1 250/17/1 253/17/1
f 255/17/1 250/17/1 254/17/1
f 256/18/1 254/18/1 253/18/1
f 257/18/1 254/18/1 256/18/1
f 258/18/1 254/18/1 257/18/1
f 259/18/1 254/18/1 258/18/1
f 260/17/1 258/17/1 257/17/1
f 261/17/1 258/17/1 260/17/1
f 262/17/1 258/17/1 261/17/1
f 263/17/1 258/17/1 262/17/1
f 264/18/1 262/18/1 261/18/1
f 265/18/1 262/18/1 264/18/1
f 276/14/1 269/14/1 268/14/1
f 277/14/1 269/14/1 276/14/1
f 278/14/1 271/14/1 270/14/1
f 279/14/1 271/14/1 278/14/1
f 280/14/1 273/14/1 272/14/1
f 281/14/1 273/14/1 280/14/1
f 282/15/1 277/15/1 276/15/1
f 283/15/1 277/15/1 282/15/1
f 284/15/1 279/15/1 278/15/1
f 285/15/1 279/15/1 284/15/1
f 286/15/1 281/15/1 280/15/1
f 287/15/1 281/15/1 286/15/1
f 288/21/1 267/21/1 266/21/1
f 289/21/1 267/21/1 288/21/1
f 290/21/1 275/21/1 274/21/1
f 291/21/1 275/21/1 290/21/1
f 296/21/1 293/21/1 292/21/1
f 297/21/1 293/21/1 296/21/1
f 298/21/1 295/21/1 294/21/1
f 299/21/1 295/21/1 298/21/1
f 306/14/1 301/14/1 300/14/1
f 307/14/1 301/14/1 306/14/1
f 308/14/1 303/14/1 302/14/1
f 309/14/1 303/14/1 308/14/1
f 310/14/1 305/14/1 304/14/1
f 311/14/1 305/14/1 310/14/1
f 312/15/1 307/15/1 306/15/1
f 313/15/1 307/15/1 312/15/1
f 314/15/1 309/15/1 308/15/1
f 315/15/1 309/15/1 314/15/1
f 316/15/1 311/15/1 310/15/1
f 317/15/1 311/15/1 316/15/1
f 320/19/1 319/19/1 318/19/1
f 321/19/1 319/19/1 320/19/1
f 322/19/1 319/19/1 321/19/1
f 323/19/1 319/19/1 322/19/1
f 325/19/1 322/19/1 321/19/1
f 326/19/1 322/19/1 325/19/1
f 327/19/1 319/19/1 323/19/1
f 328/19/1 326/19/1 325/19/1
f 328/19/1 327/19/1 326/19/1
f 328/19/1 325/19/1 324/19/1
f 329/19/1 319/19/1 327/19/1
f 329/19/1 327/19/1 328/19/1
f 336/22/1 333/22/1 332/22/1
f 337/22/1 333/22/1 336/22/1
f 338/18/1 337/18/1 336/18/1
f 339/18/1 337/18/1 338/18/1
f 340/21/1 331/21/1 330/21/1
f 341/21/1 331/21/1 340/21/1
f 342/17/1 339/17/1 338/17/1
f 343/17/1 339/17/1 342/17/1
f 344/21/1 335/21/1 334/21/1
f 345/21/1 335/21/1 344/21/1
f 350/20/1 347/20/1 346/20/1
f 351/20/1 347/20/1 350/20/1
f 352/20/1 347/20/1 351/20/1
f 353/20/1 349/20/1 348/20/1
f 354/20/1 349/20/1 353/20/1
f 357/18/1 356/18/1 355/18/1
f 358/18/1 356/18/1 357/18/1
f 360/16/1 358/16/1 357/16/1
f 360/16/1 359/16/1 358/16/1
f 361/16/1 359/16/1 360/16/1
f 364/16/1 363/16/1 362/16/1
f 365/16/1 363/16/1 364/16/1
f 368/13/1 367/13/1 366/13/1
f 369/13/1 367/13/1 368/13/1
f 370/13/1 368/13/1 366/13/1
f 371/13/1 368/13/1 370/13/1
f 374/13/1 373/13/1 372/13/1
f 375/13/1 373/13/1 374/13/1
f 386/14/1 379/14/1 378/14/1
f 387/14/1 379/14/1 386/14/1
f 388/14/1 381/14/1 380/14/1
f 389/14/1 381/14/1 388/14/1
f 390/14/1 383/14/1 382/14/1
f 391/14/1 383/14/1 390/14/1
f 392/15/1 387/15/1 386/15/1
f 393/15/1 387/15/1 392/15/1
f 394/15/1 389/15/1 388/15/1
f 395/15/1 389/15/1 394/15/1
f 396/15/1 391/15/1 390/15/1
f 397/15/1 391/15/1 396/15/1
f 400/21/1 377/21/1 376/21/1
f 401/21/1 377/21/1 400/21/1
f 404/11/1 399/11/1 398/11/1
f 405/11/1 399/11/1 404/11/1
f 406/21/1 385/21/1 384/21/1
f 407/21/1 385/21/1 406/21/1
f 408/19/1 403/19/1 402/19/1
f 409/19/1 408/19/1 402/19/1
f 410/19/1 409/19/1 402/19/1
f 413/19/1 410/19/1 402/19/1
f 414/19/1 410/19/1 413/19/1
f 415/19/1 412/19/1 411/19/1
f 416/19/1 412/19/1 415/19/1
f 417/19/1 412/19/1 416/19/1
f 422/16/1 419/16/1 418/16/1
f 423/16/1 419/16/1 422/16/1
f 424/11/1 421/11/1 420/11/1
f 426/11/1 425/11/1 424/11/1
f 427/11/1 424/11/1 420/11/1
f 427/11/1 426/11/1 424/11/1
f 428/11/1 426/11/1 427/11/1
f 429/12/1 428/12/1 427/12/1
f 430/12/1 428/12/1 429/12/1
f 433/13/1 432/13/1 431/13/1
f 436/13/1 433/13/1 431/13/1
f 436/13/1 434/13/1 433/13/1
f 437/13/1 434/13/1 436/13/1
f 438/13/1 434/13/1 437/13/1
f 439/13/1 436/13/1 435/13/1
f 439/13/1 437/13/1 436/13/1
f 440/13/1 437/13/1 439/13/1
f 441/13/1 437/13/1 440/13/1
f 444/8/1 443/8/1 442/8/1
f 445/8/1 443/8/1 444/8/1
f 448/16/1 447/16/1 446/16/1
f 449/16/1 447/16/1 448/16/1
f 456/21/1 451/21/1 450/21/1
f 457/21/1 451/21/1 456/21/1
f 458/11/1 455/11/1 454/11/1
f 459/11/1 455/11/1 458/11/1
f 460/21/1 453/21/1 452/21/1
f 461/21/1 453/21/1 460/21/1
f 468/14/1 463/14/1 462/14/1
f 469/14/1 463/14/1 468/14/1
f 470/14/1 465/14/1 464/14/1
f 471/14/1 465/14/1 470/14/1
f 472/14/1 467/14/1 466/14/1
f 473/14/1 467/14/1 472/14/1
f 474/15/1 469/15/1 468/15/1
f 475/15/1 469/15/1 474/15/1
f 476/15/1 471/15/1 470/15/1
f 477/15/1 471/15/1 476/15/1
f 478/15/1 473/15/1 472/15/1
f 479/15/1 473/15/1 478/15/1
f 482/16/1 481/16/1 480/16/1
f 483/16/1 481/16/1 482/16/1
f 488/21/1 485/21/1 484/21/1
f 489/21/1 485/21/1 488/21/1
f 490/21/1 487/21/1 486/21/1
f 491/21/1 487/21/1 490/21/1
f 494/19/1 493/19/1 492/19/1
f 495/19/1 493/19/1 494/19/1
f 498/16/1 497/16/1 496/16/1
f 499/16/1 497/16/1 498/16/1
f 502/18/1 501/18/1 500/18/1
f 503/18/1 501/18/1 502/18/1
f 504/18/1 502/18/1 500/18/1
f 504/17/1 503/17/1 502/17/1
f 505/17/1 503/17/1 504/17/1
f 506/18/1 504/18/1 500/18/1
f 507/19/1 505/19/1 504/19/1
f 507/18/1 504/18/1 506/18/1
f 508/19/1 505/19/1 507/19/1
f 509/19/1 505/19/1 508/19/1
f 510/19/1 505/19/1 509/19/1
f 511/20/1 510/20/1 509/20/1
f 512/19/1 507/19/1 506/19/1
f 513/20/1 508/20/1 507/20/1
f 513/19/1 507/19/1 512/19/1
f 514/19/1 509/19/1 508/19/1
f 514/20/1 508/20/1 513/20/1
f 515/20/1 511/20/1 509/20/1
f 515/19/1 509/19/1 514/19/1
f 516/20/1 511/20/1 515/20/1
f 517/18/1 513/18/1 512/18/1
f 518/19/1 514/19/1 513/19/1
f 518/18/1 513/18/1 517/18/1
f 518/19/1 515/19/1 514/19/1
f 518/19/1 516/19/1 515/19/1
f 519/19/1 516/19/1 518/19/1
f 522/16/1 521/16/1 520/16/1
f 523/16/1 521/16/1 522/16/1
f 528/21/1 525/21/1 524/21/1
f 529/21/1 525/21/1 528/21/1
f 530/21/1 527/21/1 526/21/1
f 531/21/1 527/21/1 530/21/1
f 536/21/1 533/21/1 532/21/1
f 537/21/1 533/21/1 536/21/1
f 538/21/1 535/21/1 534/21/1
f 539/21/1 535/21/1 538/21/1
f 542/6/1 541/6/1 540/6/1
f 543/6/1 541/6/1 542/6/1
f 550/21/1 545/21/1 544/21/1
f 551/21/1 545/21/1 550/21/1
f 552/7/1 549/7/1 548/7/1
f 553/7/1 549/7/1 552/7/1
f 554/21/1 547/21/1 546/21/1
f 555/21/1 547/21/1 554/21/1
f 564/18/1 561/18/1 560/18/1
f 565/18/1 561/18/1 564/18/1
f 566/16/1 562/16/1 561/16/1
f 566/18/1 561/18/1 565/18/1
f 567/16/1 562/16/1 566/16/1
f 568/16/1 562/16/1 567/16/1
f 569/18/1 563/18/1 562/18/1
f 569/16/1 562/16/1 568/16/1
f 570/18/1 563/18/1 569/18/1
f 571/18/1 563/18/1 570/18/1
f 572/21/1 557/21/1 556/21/1
f 573/21/1 557/21/1 572/21/1
f 574/19/1 565/19/1 564/19/1
f 575/19/1 565/19/1 574/19/1
f 576/19/1 565/19/1 575/19/1
f 577/18/1 566/18/1 565/18/1
f 577/9/1 567/9/1 566/9/1
f 578/10/1 568/10/1 567/10/1
f 578/9/1 567/9/1 577/9/1
f 579/9/1 569/9/1 568/9/1
f 579/10/1 568/10/1 578/10/1
f 580/18/1 570/18/1 569/18/1
f 580/9/1 569/9/1 579/9/1
f 581/19/1 571/19/1 570/19/1
f 582/19/1 571/19/1 581/19/1
f 583/19/1 571/19/1 582/19/1
f 584/21/1 559/21/1 558/21/1
f 585/21/1 559/21/1 584/21/1
f 586/19/1 575/19/1 574/19/1
f 587/18/1 577/18/1 565/18/1
f 587/10/1 578/10/1 577/10/1
f 587/10/1 579/10/1 578/10/1
f 587/10/1 580/10/1 579/10/1
f 588/10/1 580/10/1 587/10/1
f 589/10/1 580/10/1 588/10/1
f 590/18/1 570/18/1 580/18/1
f 590/10/1 580/10/1 589/10/1
f 591/19/1 583/19/1 582/19/1
f 592/19/1 575/19/1 586/19/1
f 593/20/1 576/20/1 575/20/1
f 593/19/1 575/19/1 592/19/1
f 594/19/1 565/19/1 576/19/1
f 594/20/1 576/20/1 593/20/1
f 595/20/1 582/20/1 581/20/1
f 595/19/1 581/19/1 570/19/1
f 596/19/1 591/19/1 582/19/1
f 596/20/1 582/20/1 595/20/1
f 597/19/1 591/19/1 596/19/1
f 598/19/1 593/19/1 592/19/1
f 598/19/1 594/19/1 593/19/1
f 599/19/1 565/19/1 594/19/1
f 599/19/1 594/19/1 598/19/1
f 599/18/1 587/18/1 565/18/1
f 600/9/1 588/9/1 587/9/1
f 600/18/1 587/18/1 599/18/1
f 601/10/1 589/10/1 588/10/1
f 601/9/1 588/9/1 600/9/1
f 602/9/1 590/9/1 589/9/1
f 602/10/1 589/10/1 601/10/1
f 603/18/1 570/18/1 590/18/1
f 603/9/1 590/9/1 602/9/1
f 604/19/1 597/19/1 596/19/1
f 604/18/1 570/18/1 603/18/1
f 604/19/1 596/19/1 595/19/1
f 604/19/1 595/19/1 570/19/1
f 605/19/1 597/19/1 604/19/1
f 606/17/1 599/17/1 598/17/1
f 607/18/1 602/18/1 601/18/1
f 607/17/1 599/17/1 606/17/1
f 607/18/1 603/18/1 602/18/1
f 607/18/1 600/18/1 599/18/1
f 607/18/1 604/18/1 603/18/1
f 607/18/1 601/18/1 600/18/1
f 608/17/1 605/17/1 604/17/1
f 608/18/1 604/18/1 607/18/1
f 609/17/1 605/17/1 608/17/1
f 612/7/1 611/7/1 610/7/1
f 613/7/1 611/7/1 612/7/1
f 618/21/1 615/21/1 614/21/1
f 619/21/1 615/21/1 618/21/1
f 620/21/1 617/21/1 616/21/1
f 621/21/1 617/21/1 620/21/1
f 628/19/1 625/19/1 624/19/1
f 629/19/1 627/19/1 626/19/1
f 630/19/1 627/19/1 629/19/1
f 635/19/1 628/19/1 624/19/1
f 635/19/1 629/19/1 628/19/1
f 636/19/1 629/19/1 635/19/1
f 637/5/1 630/5/1 629/5/1
f 637/19/1 629/19/1 636/19/1
f 638/5/1 630/5/1 637/5/1
f 640/2/1 623/2/1 622/2/1
f 641/2/1 623/2/1 640/2/1
f 642/5/1 636/5/1 635/5/1
f 643/19/1 639/19/1 638/19/1
f 643/5/1 636/5/1 642/5/1
f 643/19/1 637/19/1 636/19/1
f 643/19/1 638/19/1 637/19/1
f 644/19/1 639/19/1 643/19/1
f 645/19/1 639/19/1 644/19/1
f 646/19/1 639/19/1 645/19/1
f 647/19/1 645/19/1 644/19/1
f 648/21/1 646/21/1 645/21/1
f 648/19/1 645/19/1 647/19/1
f 649/21/1 646/21/1 648/21/1
f 650/19/1 632/19/1 631/19/1
f 651/19/1 632/19/1 650/19/1
f 652/19/1 634/19/1 633/19/1
f 653/19/1 634/19/1 652/19/1
f 658/21/1 655/21/1 654/21/1
f 659/21/1 655/21/1 658/21/1
f 662/21/1 657/21/1 656/21/1
f 663/21/1 657/21/1 662/21/1
f 664/4/1 661/4/1 660/4/1
f 665/4/1 661/4/1 664/4/1
f 670/19/1 669/19/1 668/19/1
f 671/19/1 669/19/1 670/19/1
f 672/19/1 667/19/1 666/19/1
f 673/19/1 667/19/1 672/19/1
f 674/5/1 671/5/1 670/5/1
f 675/5/1 671/5/1 674/5/1
f 680/21/1 677/21/1 676/21/1
f 681/21/1 677/21/1 680/21/1
f 682/21/1 679/21/1 678/21/1
f 683/21/1 679/21/1 682/21/1
f 688/21/1 685/21/1 684/21/1
f 689/21/1 685/21/1 688/21/1
f 690/21/1 687/21/1 686/21/1
f 691/21/1 687/21/1 690/21/1
f 696/21/1 693/21/1 692/21/1
f 697/21/1 693/21/1 696/21/1
f 698/21/1 695/21/1 694/21/1
f 699/21/1 695/21/1 698/21/1
f 734/21/1 733/21/1 732/21/1
f 735/21/1 733/21/1 734/21/1
f 736/21/1 701/21/1 700/21/1
f 737/21/1 701/21/1 736/21/1
f 738/21/1 703/21/1 702/21/1
f 739/21/1 703/21/1 738/21/1
f 740/21/1 705/21/1 704/21/1
f 741/21/1 705/21/1 740/21/1
f 742/21/1 707/21/1 706/21/1
f 743/21/1 707/21/1 742/21/1
f 744/21/1 709/21/1 708/21/1
f 745/21/1 709/21/1 744/21/1
f 746/21/1 711/21/1 710/21/1
f 747/21/1 711/21/1 746/21/1
f 748/21/1 713/21/1 712/21/1
f 749/21/1 713/21/1 748/21/1
f 750/21/1 715/21/1 714/21/1
f 751/21/1 715/21/1 750/21/1
f 752/21/1 717/21/1 716/21/1
f 753/21/1 717/21/1 752/21/1
f 754/21/1 719/21/1 718/21/1
f 755/21/1 719/21/1 754/21/1
f 756/21/1 721/21/1 720/21/1
f 757/21/1 721/21/1 756/21/1
f 758/21/1 723/21/1 722/21/1
f 759/21/1 723/21/1 758/21/1
f 760/21/1 725/21/1 724/21/1
f 761/21/1 725/21/1 760/21/1
f 762/21/1 727/21/1 726/21/1
f 763/21/1 727/21/1 762/21/1
f 764/21/1 729/21/1 728/21/1
f 765/21/1 729/21/1 764/21/1
f 766/21/1 731/21/1 730/21/1
f 767/21/1 731/21/1 766/21/1
f 768/21/2 769/21/2 800/21/2
f 800/21/2 769/21/2 801/21/2
f 770/21/2 771/21/2 802/21/2
f 802/21/2 771/21/2 803/21/2
f 772/21/2 773/21/2 804/21/2
f 804/21/2 773/21/2 805/21/2
f 774/21/2 775/21/2 806/21/2
f 806/21/2 775/21/2 807/21/2
f 776/21/2 777/21/2 808/21/2
f 808/21/2 777/21/2 809/21/2
f 778/21/2 779/21/2 810/21/2
f 810/21/2 779/21/2 811/21/2
f 780/21/2 781/21/2 812/21/2
f 812/21/2 781/21/2 813/21/2
f 782/21/2 783/21/2 814/21/2
f 814/21/2 783/21/2 815/21/2
f 784/21/2 785/21/2 816/21/2
f 816/21/2 785/21/2 817/21/2
f 786/21/2 787/21/2 818/21/2
f 818/21/2 787/21/2 819/21/2
f 788/21/2 789/21/2 820/21/2
f 820/21/2 789/21/2 821/21/2
f 790/21/2 791/21/2 822/21/2
f 822/21/2 791/21/2 823/21/2
f 792/21/2 793/21/2 824/21/2
f 824/21/2 793/21/2 825/21/2
f 794/21/2 795/21/2 826/21/2
f 826/21/2 795/21/2 827/21/2
f 796/21/2 797/21/2 828/21/2
f 828/21/2 797/21/2 829/21/2
f 798/21/2 799/21/2 830/21/2
f 830/21/2 799/21/2 831/21/2
f 832/3/2 833/3/2 834/3/2
f 834/3/2 833/3/2 835/3/2
f 834/16/2 835/16/2 836/16/2
f 836/16/2 835/16/2 837/16/2
f 837/16/2 835/16/2 838/16/2
f 838/16/2 835/16/2 839/16/2
f 837/16/2 838/16/2 840/16/2
f 840/16/2 838/16/2 841/16/2
f 842/21/2 843/21/2 846/21/2
f 846/21/2 843/21/2 847/21/2
f 844/21/2 845/21/2 848/21/2
f 848/21/2 845/21/2 849/21/2
f 850/21/2 851/21/2 854/21/2
f 854/21/2 851/21/2 855/21/2
f 852/21/2 853/21/2 856/21/2
f 856/21/2 853/21/2 857/21/2
f 858/3/2 859/3/2 862/3/2
f 860/3/2 861/3/2 863/3/2
f 862/3/2 859/3/2 864/3/2
f 864/3/2 859/3/2 865/3/2
f 860/3/2 863/3/2 866/3/2
f 866/3/2 863/3/2 867/3/2
f 870/14/2 871/14/2 880/14/2
f 880/14/2 871/14/2 881/14/2
f 872/14/2 873/14/2 882/14/2
f 882/14/2 873/14/2 883/14/2
f 874/14/2 875/14/2 884/14/2
f 884/14/2 875/14/2 885/14/2
f 880/15/2 881/15/2 886/15/2
f 886/15/2 881/15/2 887/15/2
f 882/15/2 883/15/2 888/15/2
f 888/15/2 883/15/2 889/15/2
f 884/15/2 885/15/2 890/15/2
f 890/15/2 885/15/2 891/15/2
f 868/21/2 869/21/2 892/21/2
f 892/21/2 869/21/2 893/21/2
f 878/21/2 879/21/2 898/21/2
f 898/21/2 879/21/2 899/21/2
f 894/16/2 895/16/2 900/16/2
f 900/16/2 895/16/2 901/16/2
f 876/3/2 877/3/2 902/3/2
f 902/3/2 877/3/2 903/3/2
f 896/16/2 897/16/2 904/16/2
f 904/16/2 897/16/2 905/16/2
f 901/16/2 902/16/2 906/16/2
f 906/16/2 902/16/2 907/16/2
f 903/16/2 904/16/2 910/16/2
f 910/16/2 904/16/2 911/16/2
f 907/16/2 908/16/2 912/16/2
f 912/16/2 908/16/2 913/16/2
f 909/16/2 910/16/2 914/16/2
f 914/16/2 910/16/2 915/16/2
f 913/16/2 914/16/2 916/16/2
f 916/16/2 914/16/2 917/16/2
f 918/21/2 919/21/2 922/21/2
f 922/21/2 919/21/2 923/21/2
f 920/21/2 921/21/2 924/21/2
f 924/21/2 921/21/2 925/21/2
f 926/18/2 927/18/2 928/18/2
f 928/18/2 927/18/2 929/18/2
f 928/17/2 929/17/2 930/17/2
f 930/17/2 929/17/2 931/17/2
f 931/17/2 929/17/2 932/17/2
f 932/17/2 929/17/2 933/17/2
f 930/18/2 931/18/2 934/18/2
f 931/19/2 932/19/2 935/19/2
f 934/18/2 931/18/2 935/18/2
f 935/19/2 932/19/2 936/19/2
f 936/19/2 932/19/2 937/19/2
f 932/18/2 933/18/2 938/18/2
f 937/19/2 932/19/2 938/19/2
f 938/18/2 933/18/2 939/18/2
f 934/17/2 935/17/2 940/17/2
f 935/19/2 936/19/2 941/19/2
f 940/17/2 935/17/2 941/17/2
f 937/19/2 938/19/2 942/19/2
f 938/17/2 939/17/2 942/17/2
f 942/17/2 939/17/2 943/17/2
f 940/18/2 941/18/2 944/18/2
f 941/19/2 936/19/2 945/19/2
f 944/18/2 941/18/2 945/18/2
f 936/20/2 937/20/2 946/20/2
f 945/19/2 936/19/2 946/19/2
f 937/19/2 942/19/2 947/19/2
f 946/20/2 937/20/2 947/20/2
f 942/18/2 943/18/2 948/18/2
f 947/19/2 942/19/2 948/19/2
f 948/18/2 943/18/2 949/18/2
f 944/17/2 945/17/2 950/17/2
f 945/19/2 946/19/2 951/19/2
f 950/17/2 945/17/2 951/17/2
f 946/19/2 947/19/2 951/19/2
f 947/19/2 948/19/2 951/19/2
f 948/17/2 949/17/2 952/17/2
f 951/19/2 948/19/2 952/19/2
f 952/17/2 949/17/2 953/17/2
f 956/14/2 957/14/2 964/14/2
f 964/14/2 957/14/2 965/14/2
f 958/14/2 959/14/2 966/14/2
f 966/14/2 959/14/2 967/14/2
f 960/14/2 961/14/2 968/14/2
f 968/14/2 961/14/2 969/14/2
f 964/15/2 965/15/2 970/15/2
f 970/15/2 965/15/2 971/15/2
f 966/15/2 967/15/2 972/15/2
f 972/15/2 967/15/2 973/15/2
f 968/15/2 969/15/2 974/15/2
f 974/15/2 969/15/2 975/15/2
f 954/21/2 955/21/2 976/21/2
f 976/21/2 955/21/2 977/21/2
f 962/21/2 963/21/2 978/21/2
f 978/21/2 963/21/2 979/21/2
f 980/21/2 981/21/2 984/21/2
f 984/21/2 981/21/2 985/21/2
f 982/21/2 983/21/2 986/21/2
f 986/21/2 983/21/2 987/21/2
f 988/14/2 989/14/2 994/14/2
f 994/14/2 989/14/2 995/14/2
f 990/14/2 991/14/2 996/14/2
f 996/14/2 991/14/2 997/14/2
f 992/14/2 993/14/2 998/14/2
f 998/14/2 993/14/2 999/14/2
f 994/15/2 995/15/2 1000/15/2
f 1000/15/2 995/15/2 1001/15/2
f 996/15/2 997/15/2 1002/15/2
f 1002/15/2 997/15/2 1003/15/2
f 998/15/2 999/15/2 1004/15/2
f 1004/15/2 999/15/2 1005/15/2
f 1010/18/2 1011/18/2 1012/18/2
f 1012/18/2 1011/18/2 1013/18/2
f 1006/21/2 1007/21/2 1014/21/2
f 1014/21/2 1007/21/2 1015/21/2
f 1010/18/2 1012/18/2 1016/18/2
f 1012/17/2 1013/17/2 1017/17/2
f 1016/18/2 1012/18/2 1017/18/2
f 1017/17/2 1013/17/2 1018/17/2
f 1008/21/2 1009/21/2 1019/21/2
f 1019/21/2 1009/21/2 1020/21/2
f 1017/19/2 1018/19/2 1021/19/2
f 1016/19/2 1017/19/2 1021/19/2
f 1021/19/2 1018/19/2 1022/19/2
f 1022/19/2 1018/19/2 1023/19/2
f 1023/19/2 1018/19/2 1024/19/2
f 1023/20/2 1024/20/2 1025/20/2
f 1016/19/2 1021/19/2 1026/19/2
f 1021/20/2 1022/20/2 1027/20/2
f 1026/19/2 1021/19/2 1027/19/2
f 1022/19/2 1023/19/2 1028/19/2
f 1027/20/2 1022/20/2 1028/20/2
f 1023/20/2 1025/20/2 1029/20/2
f 1028/19/2 1023/19/2 1029/19/2
f 1029/20/2 1025/20/2 1030/20/2
f 1026/18/2 1027/18/2 1031/18/2
f 1027/19/2 1028/19/2 1032/19/2
f 1031/18/2 1027/18/2 1032/18/2
f 1028/19/2 1029/19/2 1032/19/2
f 1029/19/2 1030/19/2 1032/19/2
f 1032/19/2 1030/19/2 1033/19/2
f 1034/16/2 1035/16/2 1036/16/2
f 1036/16/2 1035/16/2 1037/16/2
f 1038/16/2 1039/16/2 1040/16/2
f 1040/16/2 1039/16/2 1041/16/2
f 1044/14/2 1045/14/2 1052/14/2
f 1052/14/2 1045/14/2 1053/14/2
f 1046/14/2 1047/14/2 1054/14/2
f 1054/14/2 1047/14/2 1055/14/2
f 1048/14/2 1049/14/2 1056/14/2
f 1056/14/2 1049/14/2 1057/14/2
f 1052/15/2 1053/15/2 1058/15/2
f 1058/15/2 1053/15/2 1059/15/2
f 1054/15/2 1055/15/2 1060/15/2
f 1060/15/2 1055/15/2 1061/15/2
f 1056/15/2 1057/15/2 1062/15/2
f 1062/15/2 1057/15/2 1063/15/2
f 1042/21/2 1043/21/2 1066/21/2
f 1066/21/2 1043/21/2 1067/21/2
f 1064/11/2 1065/11/2 1068/11/2
f 1068/11/2 1065/11/2 1069/11/2
f 1050/21/2 1051/21/2 1070/21/2
f 1070/21/2 1051/21/2 1071/21/2
f 1072/19/2 1073/19/2 1074/19/2
f 1074/19/2 1073/19/2 1075/19/2
f 1076/16/2 1077/16/2 1078/16/2
f 1078/16/2 1077/16/2 1079/16/2
f 1080/11/2 1081/11/2 1082/11/2
f 1082/11/2 1083/11/2 1084/11/2
f 1080/11/2 1082/11/2 1085/11/2
f 1082/11/2 1084/11/2 1085/11/2
f 1085/11/2 1084/11/2 1086/11/2
f 1085/12/2 1086/12/2 1088/12/2
f 1088/12/2 1086/12/2 1089/12/2
f 1087/13/2 1088/13/2 1091/13/2
f 1091/13/2 1088/13/2 1092/13/2
f 1092/13/2 1088/13/2 1093/13/2
f 1090/13/2 1091/13/2 1094/13/2
f 1091/13/2 1092/13/2 1094/13/2
f 1094/13/2 1092/13/2 1095/13/2
f 1090/13/2 1094/13/2 1098/13/2
f 1096/13/2 1097/13/2 1099/13/2
f 1099/13/2 1097/13/2 1100/13/2
f 1090/13/2 1098/13/2 1102/13/2
f 1098/13/2 1099/13/2 1102/13/2
f 1102/13/2 1099/13/2 1103/13/2
f 1103/13/2 1099/13/2 1104/13/2
f 1101/13/2 1102/13/2 1105/13/2
f 1102/13/2 1103/13/2 1105/13/2
f 1105/13/2 1103/13/2 1106/13/2
f 1101/13/2 1105/13/2 1107/13/2
f 1107/13/2 1105/13/2 1108/13/2
f 1109/21/2 1110/21/2 1115/21/2
f 1115/21/2 1110/21/2 1116/21/2
f 1113/11/2 1114/11/2 1117/11/2
f 1117/11/2 1114/11/2 1118/11/2
f 1111/21/2 1112/21/2 1119/21/2
f 1119/21/2 1112/21/2 1120/21/2
f 1121/8/2 1122/8/2 1123/8/2
f 1123/8/2 1122/8/2 1124/8/2
f 1125/16/2 1126/16/2 1127/16/2
f 1127/16/2 1126/16/2 1128/16/2
f 1129/13/2 1130/13/2 1132/13/2
f 1132/13/2 1130/13/2 1133/13/2
f 1133/13/2 1130/13/2 1134/13/2
f 1131/13/2 1132/13/2 1136/13/2
f 1132/13/2 1133/13/2 1136/13/2
f 1136/13/2 1133/13/2 1137/13/2
f 1137/13/2 1133/13/2 1138/13/2
f 1135/13/2 1136/13/2 1139/13/2
f 1136/13/2 1137/13/2 1139/13/2
f 1139/13/2 1137/13/2 1140/13/2
f 1141/14/2 1142/14/2 1147/14/2
f 1147/14/2 1142/14/2 1148/14/2
f 1143/14/2 1144/14/2 1149/14/2
f 1149/14/2 1144/14/2 1150/14/2
f 1145/14/2 1146/14/2 1151/14/2
f 1151/14/2 1146/14/2 1152/14/2
f 1147/15/2 1148/15/2 1153/15/2
f 1153/15/2 1148/15/2 1154/15/2
f 1149/15/2 1150/15/2 1155/15/2
f 1155/15/2 1150/15/2 1156/15/2
f 1151/15/2 1152/15/2 1157/15/2
f 1157/15/2 1152/15/2 1158/15/2
f 1159/19/2 1160/19/2 1161/19/2
f 1161/19/2 1160/19/2 1162/19/2
f 1162/19/2 1160/19/2 1163/19/2
f 1164/16/2 1165/16/2 1166/16/2
f 1166/16/2 1165/16/2 1167/16/2
f 1168/21/2 1169/21/2 1172/21/2
f 1172/21/2 1169/21/2 1173/21/2
f 1170/21/2 1171/21/2 1176/21/2
f 1176/21/2 1171/21/2 1177/21/2
f 1174/19/2 1175/19/2 1178/19/2
f 1174/19/2 1178/19/2 1179/19/2
f 1174/19/2 1179/19/2 1180/19/2
f 1174/19/2 1180/19/2 1181/19/2
f 1181/19/2 1180/19/2 1182/19/2
f 1183/16/2 1184/16/2 1185/16/2
f 1185/16/2 1184/16/2 1186/16/2
f 1187/22/2 1188/22/2 1189/22/2
f 1189/22/2 1188/22/2 1190/22/2
f 1189/18/2 1190/18/2 1191/18/2
f 1191/18/2 1190/18/2 1192/18/2
f 1191/17/2 1192/17/2 1193/17/2
f 1193/17/2 1192/17/2 1194/17/2
f 1195/20/2 1196/20/2 1199/20/2
f 1199/20/2 1196/20/2 1200/20/2
f 1200/20/2 1196/20/2 1201/20/2
f 1197/20/2 1198/20/2 1202/20/2
f 1202/20/2 1198/20/2 1203/20/2
f 1204/18/2 1205/18/2 1206/18/2
f 1206/18/2 1205/18/2 1207/18/2
f 1206/16/2 1207/16/2 1209/16/2
f 1207/16/2 1208/16/2 1209/16/2
f 1209/16/2 1208/16/2 1210/16/2
f 1211/21/2 1212/21/2 1215/21/2
f 1215/21/2 1212/21/2 1216/21/2
f 1213/21/2 1214/21/2 1219/21/2
f 1219/21/2 1214/21/2 1220/21/2
f 1217/19/2 1218/19/2 1221/19/2
f 1221/19/2 1218/19/2 1222/19/2
f 1222/19/2 1218/19/2 1223/19/2
f 1223/19/2 1218/19/2 1224/19/2
f 1222/19/2 1223/19/2 1226/19/2
f 1226/19/2 1223/19/2 1227/19/2
f 1224/19/2 1218/19/2 1228/19/2
f 1226/19/2 1227/19/2 1229/19/2
f 1227/19/2 1228/19/2 1229/19/2
f 1225/19/2 1226/19/2 1229/19/2
f 1228/19/2 1218/19/2 1230/19/2
f 1229/19/2 1228/19/2 1230/19/2
f 1231/21/2 1232/21/2 1235/21/2
f 1235/21/2 1232/21/2 1236/21/2
f 1233/21/2 1234/21/2 1237/21/2
f 1237/21/2 1234/21/2 1238/21/2
f 1239/21/2 1240/21/2 1245/21/2
f 1245/21/2 1240/21/2 1246/21/2
f 1243/7/2 1244/7/2 1247/7/2
f 1247/7/2 1244/7/2 1248/7/2
f 1241/21/2 1242/21/2 1249/21/2
f 1249/21/2 1242/21/2 1250/21/2
f 1253/22/2 1254/22/2 1260/22/2
f 1260/22/2 1254/22/2 1261/22/2
f 1255/22/2 1256/22/2 1264/22/2
f 1256/22/2 1257/22/2 1264/22/2
f 1264/22/2 1257/22/2 1265/22/2
f 1260/18/2 1261/18/2 1266/18/2
f 1266/18/2 1261/18/2 1267/18/2
f 1267/18/2 1261/18/2 1268/18/2
f 1262/16/2 1263/16/2 1269/16/2
f 1269/16/2 1263/16/2 1270/16/2
f 1270/16/2 1263/16/2 1271/16/2
f 1271/16/2 1263/16/2 1272/16/2
f 1264/18/2 1265/18/2 1273/18/2
f 1273/18/2 1265/18/2 1274/18/2
f 1274/18/2 1265/18/2 1275/18/2
f 1251/21/2 1252/21/2 1276/21/2
f 1276/21/2 1252/21/2 1277/21/2
f 1266/17/2 1267/17/2 1278/17/2
f 1278/17/2 1267/17/2 1279/17/2
f 1268/18/2 1269/18/2 1282/18/2
f 1269/9/2 1270/9/2 1282/9/2
f 1270/10/2 1271/10/2 1283/10/2
f 1282/9/2 1270/9/2 1283/9/2
f 1271/9/2 1272/9/2 1284/9/2
f 1283/10/2 1271/10/2 1284/10/2
f 1272/18/2 1273/18/2 1285/18/2
f 1284/9/2 1272/9/2 1285/9/2
f 1274/17/2 1275/17/2 1288/17/2
f 1288/17/2 1275/17/2 1289/17/2
f 1258/21/2 1259/21/2 1290/21/2
f 1290/21/2 1259/21/2 1291/21/2
f 1278/18/2 1279/18/2 1292/18/2
f 1292/18/2 1279/18/2 1293/18/2
f 1268/18/2 1282/18/2 1294/18/2
f 1283/10/2 1284/10/2 1295/10/2
f 1295/10/2 1284/10/2 1296/10/2
f 1285/18/2 1273/18/2 1297/18/2
f 1288/18/2 1289/18/2 1298/18/2
f 1298/18/2 1289/18/2 1299/18/2
f 1292/17/2 1293/17/2 1300/17/2
f 1300/17/2 1293/17/2 1301/17/2
f 1280/20/2 1281/20/2 1302/20/2
f 1302/20/2 1281/20/2 1303/20/2
f 1286/20/2 1287/20/2 1304/20/2
f 1304/20/2 1287/20/2 1305/20/2
f 1298/17/2 1299/17/2 1306/17/2
f 1306/17/2 1299/17/2 1307/17/2
f 1300/18/2 1301/18/2 1308/18/2
f 1308/18/2 1301/18/2 1309/18/2
f 1268/18/2 1294/18/2 1310/18/2
f 1294/9/2 1295/9/2 1311/9/2
f 1310/18/2 1294/18/2 1311/18/2
f 1295/10/2 1296/10/2 1312/10/2
f 1311/9/2 1295/9/2 1312/9/2
f 1296/9/2 1297/9/2 1313/9/2
f 1312/10/2 1296/10/2 1313/10/2
f 1297/18/2 1273/18/2 1314/18/2
f 1313/9/2 1297/9/2 1314/9/2
f 1314/18/2 1273/18/2 1315/18/2
f 1306/18/2 1307/18/2 1316/18/2
f 1316/18/2 1307/18/2 1317/18/2
f 1308/17/2 1309/17/2 1318/17/2
f 1309/17/2 1310/17/2 1318/17/2
f 1318/17/2 1310/17/2 1319/17/2
f 1311/18/2 1312/18/2 1320/18/2
f 1312/18/2 1313/18/2 1320/18/2
f 1313/18/2 1314/18/2 1320/18/2
f 1320/18/2 1314/18/2 1321/18/2
f 1321/18/2 1314/18/2 1322/18/2
f 1322/18/2 1314/18/2 1323/18/2
f 1316/17/2 1317/17/2 1324/17/2
f 1315/17/2 1316/17/2 1324/17/2
f 1324/17/2 1317/17/2 1325/17/2
f 1318/18/2 1319/18/2 1326/18/2
f 1319/18/2 1320/18/2 1326/18/2
f 1326/18/2 1320/18/2 1327/18/2
f 1327/18/2 1320/18/2 1328/18/2
f 1321/18/2 1322/18/2 1329/18/2
f 1329/18/2 1322/18/2 1330/18/2
f 1324/18/2 1325/18/2 1331/18/2
f 1323/18/2 1324/18/2 1331/18/2
f 1331/18/2 1325/18/2 1332/18/2
f 1332/18/2 1325/18/2 1333/18/2
f 1327/17/2 1328/17/2 1334/17/2
f 1328/17/2 1329/17/2 1334/17/2
f 1334/17/2 1329/17/2 1335/17/2
f 1335/17/2 1329/17/2 1336/17/2
f 1331/17/2 1332/17/2 1337/17/2
f 1330/17/2 1331/17/2 1337/17/2
f 1337/17/2 1332/17/2 1338/17/2
f 1338/17/2 1332/17/2 1339/17/2
f 1334/18/2 1335/18/2 1340/18/2
f 1340/18/2 1335/18/2 1341/18/2
f 1341/18/2 1335/18/2 1342/18/2
f 1338/18/2 1339/18/2 1347/18/2
f 1347/18/2 1339/18/2 1348/18/2
f 1348/18/2 1339/18/2 1349/18/2
f 1341/17/2 1342/17/2 1350/17/2
f 1350/17/2 1342/17/2 1351/17/2
f 1351/17/2 1342/17/2 1352/17/2
f 1347/17/2 1348/17/2 1353/17/2
f 1353/17/2 1348/17/2 1354/17/2
f 1354/17/2 1348/17/2 1355/17/2
f 1351/18/2 1352/18/2 1356/18/2
f 1356/18/2 1352/18/2 1357/18/2
f 1343/20/2 1344/20/2 1358/20/2
f 1358/20/2 1344/20/2 1359/20/2
f 1345/20/2 1346/20/2 1360/20/2
f 1360/20/2 1346/20/2 1361/20/2
f 1353/18/2 1354/18/2 1362/18/2
f 1362/18/2 1354/18/2 1363/18/2
f 1364/18/2 1365/18/2 1366/18/2
f 1366/18/2 1365/18/2 1367/18/2
f 1368/19/2 1369/19/2 1374/19/2
f 1374/19/2 1369/19/2 1375/19/2
f 1370/19/2 1371/19/2 1380/19/2
f 1380/19/2 1371/19/2 1381/19/2
f 1372/7/2 1373/7/2 1382/7/2
f 1382/7/2 1373/7/2 1383/7/2
f 1376/11/2 1377/11/2 1384/11/2
f 1384/11/2 1377/11/2 1385/11/2
f 1378/11/2 1379/11/2 1386/11/2
f 1386/11/2 1379/11/2 1387/11/2
f 1368/19/2 1374/19/2 1388/19/2
f 1375/19/2 1369/19/2 1389/19/2
f 1370/19/2 1380/19/2 1390/19/2
f 1381/19/2 1371/19/2 1391/19/2
f 1388/19/2 1389/19/2 1392/19/2
f 1368/19/2 1388/19/2 1392/19/2
f 1389/19/2 1369/19/2 1393/19/2
f 1392/19/2 1389/19/2 1393/19/2
f 1370/19/2 1390/19/2 1394/19/2
f 1390/19/2 1391/19/2 1394/19/2
f 1391/19/2 1371/19/2 1395/19/2
f 1394/19/2 1391/19/2 1395/19/2
f 1396/16/2 1397/16/2 1400/16/2
f 1400/16/2 1397/16/2 1401/16/2
f 1398/16/2 1399/16/2 1406/16/2
f 1406/16/2 1399/16/2 1407/16/2
f 1401/16/2 1397/16/2 1408/16/2
f 1408/16/2 1397/16/2 1409/16/2
f 1404/19/2 1405/19/2 1411/19/2
f 1402/19/2 1403/19/2 1411/19/2
f 1403/19/2 1404/19/2 1411/19/2
f 1411/19/2 1405/19/2 1412/19/2
f 1412/19/2 1405/19/2 1413/19/2
f 1413/19/2 1405/19/2 1414/19/2
f 1398/16/2 1406/16/2 1416/16/2
f 1416/16/2 1406/16/2 1417/16/2
f 1409/16/2 1410/16/2 1418/16/2
f 1418/16/2 1410/16/2 1419/16/2
f 1415/16/2 1416/16/2 1422/16/2
f 1422/16/2 1416/16/2 1423/16/2
f 1419/16/2 1420/16/2 1424/16/2
f 1424/16/2 1420/16/2 1425/16/2
f 1402/19/2 1411/19/2 1426/19/2
f 1426/19/2 1411/19/2 1427/19/2
f 1412/19/2 1413/19/2 1428/19/2
f 1428/19/2 1413/19/2 1429/19/2
f 1414/19/2 1405/19/2 1430/19/2
f 1430/19/2 1405/19/2 1431/19/2
f 1421/16/2 1422/16/2 1432/16/2
f 1432/16/2 1422/16/2 1433/16/2
f 1425/16/2 1426/16/2 1434/16/2
f 1428/19/2 1429/19/2 1435/19/2
f 1434/16/2 1426/16/2 1435/16/2
f 1426/19/2 1427/19/2 1435/19/2
f 1430/19/2 1431/19/2 1435/19/2
f 1429/19/2 1430/19/2 1435/19/2
f 1427/19/2 1428/19/2 1435/19/2
f 1435/19/2 1431/19/2 1436/19/2
f 1436/19/2 1431/19/2 1437/19/2
f 1431/16/2 1432/16/2 1438/16/2
f 1437/19/2 1431/19/2 1438/19/2
f 1438/16/2 1432/16/2 1439/16/2
f 1435/16/2 1436/16/2 1440/16/2
f 1440/16/2 1436/16/2 1441/16/2
f 1437/16/2 1438/16/2 1442/16/2
f 1442/16/2 1438/16/2 1443/16/2
f 1441/16/2 1442/16/2 1444/16/2
f 1444/16/2 1442/16/2 1445/16/2
f 1448/16/2 1449/16/2 1452/16/2
f 1452/16/2 1449/16/2 1453/16/2
f 1446/21/2 1447/21/2 1454/21/2
f 1454/21/2 1447/21/2 1455/21/2
f 1450/21/2 1451/21/2 1456/21/2
f 1456/21/2 1451/21/2 1457/21/2
f 1460/19/2 1461/19/2 1468/19/2
f 1468/19/2 1461/19/2 1469/19/2
f 1462/19/2 1463/19/2 1470/19/2
f 1470/19/2 1463/19/2 1471/19/2
f 1458/2/2 1459/2/2 1472/2/2
f 1472/2/2 1459/2/2 1473/2/2
f 1464/19/2 1465/19/2 1474/19/2
f 1474/19/2 1465/19/2 1475/19/2
f 1466/19/2 1467/19/2 1476/19/2
f 1476/19/2 1467/19/2 1477/19/2
f 1474/16/2 1475/16/2 1478/16/2
f 1478/16/2 1475/16/2 1479/16/2
f 1476/16/2 1477/16/2 1482/16/2
f 1482/16/2 1477/16/2 1483/16/2
f 1479/16/2 1480/16/2 1484/16/2
f 1484/16/2 1480/16/2 1485/16/2
f 1481/16/2 1482/16/2 1486/16/2
f 1486/16/2 1482/16/2 1487/16/2
f 1485/16/2 1486/16/2 1488/16/2
f 1488/16/2 1486/16/2 1489/16/2
f 1492/6/2 1493/6/2 1496/6/2
f 1496/6/2 1493/6/2 1497/6/2
f 1490/21/2 1491/21/2 1498/21/2
f 1498/21/2 1491/21/2 1499/21/2
f 1494/21/2 1495/21/2 1502/21/2
f 1502/21/2 1495/21/2 1503/21/2
f 1500/4/2 1501/4/2 1504/4/2
f 1504/4/2 1501/4/2 1505/4/2
f 1508/19/2 1509/19/2 1510/19/2
f 1510/19/2 1509/19/2 1511/19/2
f 1506/19/2 1507/19/2 1512/19/2
f 1512/19/2 1507/19/2 1513/19/2
f 1510/5/2 1511/5/2 1515/5/2
f 1515/5/2 1511/5/2 1516/5/2
f 1512/5/2 1513/5/2 1517/5/2
f 1513/19/2 1514/19/2 1518/19/2
f 1517/5/2 1513/5/2 1518/5/2
f 1514/5/2 1515/5/2 1519/5/2
f 1518/19/2 1514/19/2 1519/19/2
f 1515/19/2 1516/19/2 1520/19/2
f 1519/5/2 1515/5/2 1520/5/2
f 1520/19/2 1516/19/2 1521/19/2
f 1517/19/2 1518/19/2 1523/19/2
f 1518/5/2 1519/5/2 1524/5/2
f 1523/19/2 1518/19/2 1524/19/2
f 1520/19/2 1521/19/2 1525/19/2
f 1524/5/2 1519/5/2 1525/5/2
f 1519/19/2 1520/19/2 1525/19/2
f 1521/19/2 1522/19/2 1525/19/2
f 1525/19/2 1522/19/2 1526/19/2
f 1526/19/2 1522/19/2 1527/19/2
f 1527/19/2 1522/19/2 1528/19/2
f 1526/19/2 1527/19/2 1529/19/2
f 1527/21/2 1528/21/2 1530/21/2
f 1529/19/2 1527/19/2 1530/19/2
f 1530/21/2 1528/21/2 1531/21/2
f 1532/21/2 1533/21/2 1536/21/2
f 1536/21/2 1533/21/2 1537/21/2
f 1534/21/2 1535/21/2 1538/21/2
f 1538/21/2 1535/21/2 1539/21/2
f 1540/21/2 1541/21/2 1544/21/2
f 1544/21/2 1541/21/2 1545/21/2
f 1542/21/2 1543/21/2 1546/21/2
f 1546/21/2 1543/21/2 1547/21/2
f 1548/16/2 1549/16/2 1550/16/2
f 1550/16/2 1549/16/2 1551/16/2
f 1551/16/2 1549/16/2 1552/16/2
f 1552/16/2 1549/16/2 1553/16/2
f 1550/17/2 1551/17/2 1554/17/2
f 1554/17/2 1551/17/2 1555/17/2
f 1555/17/2 1551/17/2 1556/17/2
f 1556/17/2 1551/17/2 1557/17/2
f 1557/17/2 1551/17/2 1558/17/2
f 1558/17/2 1551/17/2 1559/17/2
f 1559/17/2 1551/17/2 1560/17/2
f 1560/17/2 1551/17/2 1561/17/2
f 1561/17/2 1551/17/2 1562/17/2
f 1562/17/2 1551/17/2 1563/17/2
f 1563/17/2 1551/17/2 1564/17/2
f 1564/17/2 1551/17/2 1565/17/2
f 1565/17/2 1551/17/2 1566/17/2
f 1566/17/2 1551/17/2 1567/17/2
f 1567/17/2 1551/17/2 1568/17/2
f 1568/17/2 1551/17/2 1569/17/2
f 1569/17/2 1551/17/2 1570/17/2
f 1551/9/2 1552/9/2 1571/9/2
f 1570/17/2 1551/17/2 1571/17/2
f 1552/17/2 1553/17/2 1572/17/2
f 1571/9/2 1552/9/2 1572/9/2
f 1572/17/2 1553/17/2 1573/17/2
f 1573/17/2 1553/17/2 1574/17/2
f 1574/17/2 1553/17/2 1575/17/2
f 1575/17/2 1553/17/2 1576/17/2
f 1576/17/2 1553/17/2 1577/17/2
f 1577/17/2 1553/17/2 1578/17/2
f 1578/17/2 1553/17/2 1579/17/2
f 1579/17/2 1553/17/2 1580/17/2
f 1580/17/2 1553/17/2 1581/17/2
f 1581/17/2 1553/17/2 1582/17/2
f 1582/17/2 1553/17/2 1583/17/2
f 1583/17/2 1553/17/2 1584/17/2
f 1584/17/2 1553/17/2 1585/17/2
f 1585/17/2 1553/17/2 1586/17/2
f 1586/17/2 1553/17/2 1587/17/2
f 1587/17/2 1553/17/2 1588/17/2
f 1554/21/2 1555/21/2 1589/21/2
f 1589/21/2 1555/21/2 1590/21/2
f 1556/21/2 1557/21/2 1591/21/2
f 1591/21/2 1557/21/2 1592/21/2
f 1558/21/2 1559/21/2 1593/21/2
f 1593/21/2 1559/21/2 1594/21/2
f 1560/21/2 1561/21/2 1595/21/2
f 1595/21/2 1561/21/2 1596/21/2
f 1562/21/2 1563/21/2 1597/21/2
f 1597/21/2 1563/21/2 1598/21/2
f 1564/21/2 1565/21/2 1599/21/2
f 1599/21/2 1565/21/2 1600/21/2
f 1566/21/2 1567/21/2 1601/21/2
f 1601/21/2 1567/21/2 1602/21/2
f 1568/21/2 1569/21/2 1603/21/2
f 1603/21/2 1569/21/2 1604/21/2
f 1570/21/2 1571/21/2 1605/21/2
f 1605/21/2 1571/21/2 1606/21/2
f 1573/21/2 1574/21/2 1607/21/2
f 1607/21/2 1574/21/2 1608/21/2
f 1575/21/2 1576/21/2 1609/21/2
f 1609/21/2 1576/21/2 1610/21/2
f 1577/21/2 1578/21/2 1611/21/2
f 1611/21/2 1578/21/2 1612/21/2
f 1579/21/2 1580/21/2 1613/21/2
f 1613/21/2 1580/21/2 1614/21/2
f 1581/21/2 1582/21/2 1615/21/2
f 1615/21/2 1582/21/2 1616/21/2
f 1583/21/2 1584/21/2 1617/21/2
f 1617/21/2 1584/21/2 1618/21/2
f 1585/21/2 1586/21/2 1619/21/2
f 1619/21/2 1586/21/2 1620/21/2
f 1587/21/2 1588/21/2 1621/21/2
f 1621/21/2 1588/21/2 1622/21/2
f 1627/17/3 1625/17/3 1624/17/3
f 1627/21/3 1626/21/3 1625/21/3
f 1628/21/3 1626/21/3 1627/21/3
f 1629/17/3 1627/17/3 1624/17/3
f 1631/17/3 1629/17/3 1624/17/3
f 1631/21/3 1630/21/3 1629/21/3
f 1632/21/3 1630/21/3 1631/21/3
f 1633/17/3 1631/17/3 1624/17/3
f 1635/17/3 1633/17/3 1624/17/3
f 1635/21/3 1634/21/3 1633/21/3
f 1636/21/3 1634/21/3 1635/21/3
f 1637/17/3 1635/17/3 1624/17/3
f 1639/17/3 1637/17/3 1624/17/3
f 1639/21/3 1638/21/3 1637/21/3
f 1640/21/3 1638/21/3 1639/21/3
f 1641/17/3 1639/17/3 1624/17/3
f 1643/17/3 1641/17/3 1624/17/3
f 1643/21/3 1642/21/3 1641/21/3
f 1644/21/3 1642/21/3 1643/21/3
f 1645/17/3 1643/17/3 1624/17/3
f 1647/17/3 1645/17/3 1624/17/3
f 1647/21/3 1646/21/3 1645/21/3
f 1648/21/3 1646/21/3 1647/21/3
f 1649/17/3 1647/17/3 1624/17/3
f 1651/17/3 1649/17/3 1624/17/3
f 1651/21/3 1650/21/3 1649/21/3
f 1652/21/3 1650/21/3 1651/21/3
f 1653/17/3 1651/17/3 1624/17/3
f 1655/17/3 1653/17/3 1624/17/3
f 1655/21/3 1654/21/3 1653/21/3
f 1656/21/3 1654/21/3 1655/21/3
f 1657/17/3 1655/17/3 1624/17/3
f 1659/17/3 1657/17/3 1624/17/3
f 1659/21/3 1658/21/3 1657/21/3
f 1660/21/3 1658/21/3 1659/21/3
f 1661/17/3 1659/17/3 1624/17/3
f 1663/17/3 1661/17/3 1624/17/3
f 1663/21/3 1662/21/3 1661/21/3
f 1664/21/3 1662/21/3 1663/21/3
f 1665/17/3 1663/17/3 1624/17/3
f 1667/17/3 1665/17/3 1624/17/3
f 1667/21/3 1666/21/3 1665/21/3
f 1668/21/3 1666/21/3 1667/21/3
f 1669/17/3 1667/17/3 1624/17/3
f 1671/17/3 1669/17/3 1624/17/3
f 1671/21/3 1670/21/3 1669/21/3
f 1672/21/3 1670/21/3 1671/21/3
f 1673/17/3 1671/17/3 1624/17/3
f 1675/17/3 1673/17/3 1624/17/3
f 1675/21/3 1674/21/3 1673/21/3
f 1676/21/3 1674/21/3 1675/21/3
f 1677/17/3 1675/17/3 1624/17/3
f 1679/17/3 1677/17/3 1624/17/3
f 1679/21/3 1678/21/3 1677/21/3
f 1680/21/3 1678/21/3 1679/21/3
f 1681/17/3 1679/17/3 1624/17/3
f 1683/17/3 1681/17/3 1624/17/3
f 1683/21/3 1682/21/3 1681/21/3
f 1684/21/3 1682/21/3 1683/21/3
f 1685/17/3 1683/17/3 1624/17/3
f 1687/17/3 1685/17/3 1624/17/3
f 1687/21/3 1686/21/3 1685/21/3
f 1688/21/3 1686/21/3 1687/21/3
f 1689/17/3 1687/17/3 1624/17/3
f 1691/17/3 1689/17/3 1624/17/3
f 1691/21/3 1690/21/3 1689/21/3
f 1692/21/3 1690/21/3 1691/21/3
f 1693/17/3 1691/17/3 1624/17/3
f 1695/17/3 1693/17/3 1624/17/3
f 1695/21/3 1694/21/3 1693/21/3
f 1696/21/3 1694/21/3 1695/21/3
f 1697/17/3 1695/17/3 1624/17/3
f 1699/21/3 1698/21/3 1697/21/3
f 1701/16/3 1624/16/3 1623/16/3
f 1702/17/3 1697/17/3 1624/17/3
f 1702/16/3 1624/16/3 1701/16/3
f 1703/21/3 1700/21/3 1699/21/3
f 1703/17/3 1697/17/3 1702/17/3
f 1703/21/3 1699/21/3 1697/21/3
f 1704/21/3 1700/21/3 1703/21/3
f 1707/21/3 1706/21/3 1705/21/3
f 1708/21/3 1706/21/3 1707/21/3
f 1712/14/3 1710/14/3 1709/14/3
f 1713/15/3 1711/15/3 1710/15/3
f 1713/14/3 1710/14/3 1712/14/3
f 1714/15/3 1711/15/3 1713/15/3
f 1718/14/3 1716/14/3 1715/14/3
f 1719/15/3 1717/15/3 1716/15/3
f 1719/14/3 1716/14/3 1718/14/3
f 1720/15/3 1717/15/3 1719/15/3
f 1724/14/3 1722/14/3 1721/14/3
f 1725/15/3 1723/15/3 1722/15/3
f 1725/14/3 1722/14/3 1724/14/3
f 1726/15/3 1723/15/3 1725/15/3
f 1730/14/3 1728/14/3 1727/14/3
f 1731/15/3 1729/15/3 1728/15/3
f 1731/14/3 1728/14/3 1730/14/3
f 1732/15/3 1729/15/3 1731/15/3
f 1736/14/3 1734/14/3 1733/14/3
f 1737/15/3 1735/15/3 1734/15/3
f 1737/14/3 1734/14/3 1736/14/3
f 1738/15/3 1735/15/3 1737/15/3
f 1741/21/3 1740/21/3 1739/21/3
f 1742/21/3 1740/21/3 1741/21/3
f 1745/21/3 1744/21/3 1743/21/3
f 1746/21/3 1744/21/3 1745/21/3
f 1750/14/3 1748/14/3 1747/14/3
f 1751/15/3 1749/15/3 1748/15/3
f 1751/14/3 1748/14/3 1750/14/3
f 1752/15/3 1749/15/3 1751/15/3
f 1756/14/3 1754/14/3 1753/14/3
f 1757/15/3 1755/15/3 1754/15/3
f 1757/14/3 1754/14/3 1756/14/3
f 1758/15/3 1755/15/3 1757/15/3
f 1762/14/3 1760/14/3 1759/14/3
f 1763/15/3 1761/15/3 1760/15/3
f 1763/14/3 1760/14/3 1762/14/3
f 1764/15/3 1761/15/3 1763/15/3
f 1768/14/3 1766/14/3 1765/14/3
f 1769/15/3 1767/15/3 1766/15/3
f 1769/14/3 1766/14/3 1768/14/3
f 1770/15/3 1767/15/3 1769/15/3
f 1774/14/3 1772/14/3 1771/14/3
f 1775/15/3 1773/15/3 1772/15/3
f 1775/14/3 1772/14/3 1774/14/3
f 1776/15/3 1773/15/3 1775/15/3
f 1779/2/3 1778/2/3 1777/2/3
f 1780/2/3 1778/2/3 1779/2/3
f 1783/21/3 1782/21/3 1781/21/3
f 1784/21/3 1782/21/3 1783/21/3
f 1787/21/3 1786/21/3 1785/21/3
f 1788/21/3 1786/21/3 1787/21/3
f 1792/14/3 1790/14/3 1789/14/3
f 1793/15/3 1791/15/3 1790/15/3
f 1793/14/3 1790/14/3 1792/14/3
f 1794/15/3 1791/15/3 1793/15/3
f 1798/14/3 1796/14/3 1795/14/3
f 1799/15/3 1797/15/3 1796/15/3
f 1799/14/3 1796/14/3 1798/14/3
f 1800/15/3 1797/15/3 1799/15/3
f 1804/14/3 1802/14/3 1801/14/3
f 1805/15/3 1803/15/3 1802/15/3
f 1805/14/3 1802/14/3 1804/14/3
f 1806/15/3 1803/15/3 1805/15/3
f 1810/14/3 1808/14/3 1807/14/3
f 1811/15/3 1809/15/3 1808/15/3
f 1811/14/3 1808/14/3 1810/14/3
f 1812/15/3 1809/15/3 1811/15/3
f 1816/14/3 1814/14/3 1813/14/3
f 1817/15/3 1815/15/3 1814/15/3
f 1817/14/3 1814/14/3 1816/14/3
f 1818/15/3 1815/15/3 1817/15/3
f 1822/19/3 1820/19/3 1819/19/3
f 1823/19/3 1820/19/3 1822/19/3
f 1824/5/3 1821/5/3 1820/5/3
f 1824/19/3 1820/19/3 1823/19/3
f 1825/5/3 1821/5/3 1824/5/3
f 1827/19/3 1824/19/3 1823/19/3
f 1827/19/3 1825/19/3 1824/19/3
f 1828/19/3 1825/19/3 1827/19/3
f 1829/19/3 1827/19/3 1826/19/3
f 1830/5/3 1828/5/3 1827/5/3
f 1830/19/3 1827/19/3 1829/19/3
f 1831/19/3 1825/19/3 1828/19/3
f 1831/5/3 1828/5/3 1830/5/3
f 1832/19/3 1825/19/3 1831/19/3
f 1835/21/3 1834/21/3 1833/21/3
f 1836/21/3 1834/21/3 1835/21/3
f 1839/21/3 1838/21/3 1837/21/3
f 1840/21/3 1838/21/3 1839/21/3
f 1844/13/3 1842/13/3 1841/13/3
f 1845/13/3 1844/13/3 1843/13/3
f 1846/13/3 1842/13/3 1844/13/3
f 1846/13/3 1844/13/3 1845/13/3
f 1851/19/3 1848/19/3 1847/19/3
f 1852/19/3 1848/19/3 1851/19/3
f 1853/13/3 1850/13/3 1849/13/3
f 1854/13/3 1850/13/3 1853/13/3
f 1855/19/3 1851/19/3 1847/19/3
f 1856/19/3 1848/19/3 1852/19/3
f 1857/19/3 1855/19/3 1847/19/3
f 1857/19/3 1856/19/3 1855/19/3
f 1858/19/3 1848/19/3 1856/19/3
f 1858/19/3 1856/19/3 1857/19/3
f 1863/19/3 1860/19/3 1859/19/3
f 1864/19/3 1860/19/3 1863/19/3
f 1865/19/3 1862/19/3 1861/19/3
f 1869/19/3 1862/19/3 1865/19/3
f 1870/19/3 1867/19/3 1866/19/3
f 1871/5/3 1868/5/3 1867/5/3
f 1871/19/3 1867/19/3 1870/19/3
f 1872/5/3 1868/5/3 1871/5/3
f 1873/19/3 1862/19/3 1869/19/3
f 1874/19/3 1862/19/3 1873/19/3
f 1877/21/3 1876/21/3 1875/21/3
f 1878/21/3 1876/21/3 1877/21/3
f 1881/21/3 1880/21/3 1879/21/3
f 1882/21/3 1880/21/3 1881/21/3
f 1893/16/3 1884/16/3 1883/16/3
f 1896/17/3 1888/17/3 1887/17/3
f 1896/18/3 1889/18/3 1888/18/3
f 1897/17/3 1890/17/3 1889/17/3
f 1897/18/3 1889/18/3 1896/18/3
f 1898/18/3 1891/18/3 1890/18/3
f 1898/17/3 1890/17/3 1897/17/3
f 1899/17/3 1892/17/3 1891/17/3
f 1899/18/3 1891/18/3 1898/18/3
f 1900/18/3 1893/18/3 1892/18/3
f 1900/17/3 1892/17/3 1899/17/3
f 1901/13/3 1895/13/3 1894/13/3
f 1902/13/3 1895/13/3 1901/13/3
f 1905/13/3 1901/13/3 1894/13/3
f 1906/13/3 1901/13/3 1905/13/3
f 1909/13/3 1908/13/3 1907/13/3
f 1910/13/3 1908/13/3 1909/13/3
f 1911/20/3 1904/20/3 1903/20/3
f 1912/20/3 1904/20/3 1911/20/3
f 1913/17/3 1896/17/3 1887/17/3
f 1917/18/3 1893/18/3 1900/18/3
f 1918/22/3 1886/22/3 1885/22/3
f 1919/18/3 1887/18/3 1886/18/3
f 1919/22/3 1886/22/3 1918/22/3
f 1920/17/3 1913/17/3 1887/17/3
f 1920/18/3 1887/18/3 1919/18/3
f 1921/18/3 1914/18/3 1913/18/3
f 1921/17/3 1913/17/3 1920/17/3
f 1922/17/3 1915/17/3 1914/17/3
f 1922/18/3 1914/18/3 1921/18/3
f 1923/18/3 1916/18/3 1915/18/3
f 1923/17/3 1915/17/3 1922/17/3
f 1924/17/3 1917/17/3 1916/17/3
f 1924/18/3 1916/18/3 1923/18/3
f 1925/18/3 1893/18/3 1917/18/3
f 1925/17/3 1917/17/3 1924/17/3
f 1926/16/3 1884/16/3 1893/16/3
f 1926/18/3 1893/18/3 1925/18/3
f 1927/16/3 1884/16/3 1926/16/3
f 1928/16/3 1884/16/3 1927/16/3
f 1933/13/3 1932/13/3 1931/13/3
f 1934/13/3 1932/13/3 1933/13/3
f 1940/19/3 1936/19/3 1935/19/3
f 1940/19/3 1939/19/3 1938/19/3
f 1940/19/3 1938/19/3 1937/19/3
f 1940/19/3 1937/19/3 1936/19/3
f 1941/19/3 1939/19/3 1940/19/3
f 1942/16/3 1930/16/3 1929/16/3
f 1943/16/3 1930/16/3 1942/16/3
f 1946/21/3 1945/21/3 1944/21/3
f 1947/21/3 1945/21/3 1946/21/3
f 1950/21/3 1949/21/3 1948/21/3
f 1951/21/3 1949/21/3 1950/21/3
f 1954/16/3 1953/16/3 1952/16/3
f 1957/16/3 1954/16/3 1952/16/3
f 1957/11/3 1955/11/3 1954/11/3
f 1958/12/3 1956/12/3 1955/12/3
f 1958/11/3 1955/11/3 1957/11/3
f 1959/12/3 1956/12/3 1958/12/3
f 1961/13/3 1960/13/3 1959/13/3
f 1962/13/3 1960/13/3 1961/13/3
f 1963/16/3 1957/16/3 1952/16/3
f 1964/16/3 1957/16/3 1963/16/3
f 1967/16/3 1966/16/3 1965/16/3
f 1968/16/3 1966/16/3 1967/16/3
f 1971/16/3 1970/16/3 1969/16/3
f 1972/16/3 1970/16/3 1971/16/3
f 1975/21/3 1974/21/3 1973/21/3
f 1976/21/3 1974/21/3 1975/21/3
f 1979/21/3 1978/21/3 1977/21/3
f 1980/21/3 1978/21/3 1979/21/3
f 1985/19/3 1982/19/3 1981/19/3
f 1986/19/3 1982/19/3 1985/19/3
f 1987/19/3 1982/19/3 1986/19/3
f 1988/19/3 1982/19/3 1987/19/3
f 1989/19/3 1982/19/3 1988/19/3
f 1990/16/3 1984/16/3 1983/16/3
f 1991/16/3 1984/16/3 1990/16/3
f 1996/19/3 1995/19/3 1994/19/3
f 1997/19/3 1995/19/3 1996/19/3
f 1998/16/3 1993/16/3 1992/16/3
f 1999/16/3 1993/16/3 1998/16/3
f 2011/19/3 2003/19/3 2002/19/3
f 2011/19/3 2004/19/3 2003/19/3
f 2012/16/3 2006/16/3 2005/16/3
f 2013/19/3 2010/19/3 2009/19/3
f 2013/19/3 2009/19/3 2008/19/3
f 2013/19/3 2008/19/3 2007/19/3
f 2014/19/3 2010/19/3 2013/19/3
f 2015/16/3 2001/16/3 2000/16/3
f 2016/16/3 2001/16/3 2015/16/3
f 2017/19/3 2011/19/3 2002/19/3
f 2018/16/3 2006/16/3 2012/16/3
f 2019/19/3 2017/19/3 2002/19/3
f 2019/19/3 2018/19/3 2017/19/3
f 2020/16/3 2006/16/3 2018/16/3
f 2020/19/3 2018/19/3 2019/19/3
f 2021/16/3 2006/16/3 2020/16/3
f 2024/21/3 2023/21/3 2022/21/3
f 2025/21/3 2023/21/3 2024/21/3
f 2028/21/3 2027/21/3 2026/21/3
f 2029/21/3 2027/21/3 2028/21/3
f 2034/11/3 2031/11/3 2030/11/3
f 2035/11/3 2031/11/3 2034/11/3
f 2036/16/3 2033/16/3 2032/16/3
f 2037/16/3 2033/16/3 2036/16/3
f 2044/16/3 2041/16/3 2040/16/3
f 2045/19/3 2043/19/3 2042/19/3
f 2046/19/3 2043/19/3 2045/19/3
f 2047/16/3 2039/16/3 2038/16/3
f 2048/16/3 2039/16/3 2047/16/3
f 2049/16/3 2044/16/3 2040/16/3
f 2050/16/3 2044/16/3 2049/16/3
f 2053/21/3 2052/21/3 2051/21/3
f 2054/21/3 2052/21/3 2053/21/3
f 2057/16/3 2056/16/3 2055/16/3
f 2058/16/3 2056/16/3 2057/16/3
f 2065/11/3 2060/11/3 2059/11/3
f 2066/11/3 2060/11/3 2065/11/3
f 2067/16/3 2064/16/3 2063/16/3
f 2068/16/3 2064/16/3 2067/16/3
f 2069/16/3 2062/16/3 2061/16/3
f 2070/16/3 2062/16/3 2069/16/3
f 2073/19/3 2072/19/3 2071/19/3
f 2074/19/3 2072/19/3 2073/19/3
f 2081/19/3 2080/19/3 2079/19/3
f 2082/19/3 2080/19/3 2081/19/3
f 2084/19/3 2076/19/3 2075/19/3
f 2085/19/3 2076/19/3 2084/19/3
f 2086/16/3 2078/16/3 2077/16/3
f 2087/19/3 2085/19/3 2084/19/3
f 2087/19/3 2086/19/3 2085/19/3
f 2087/19/3 2084/19/3 2083/19/3
f 2088/16/3 2078/16/3 2086/16/3
f 2088/19/3 2086/19/3 2087/19/3
f 2089/16/3 2078/16/3 2088/16/3
f 2092/21/3 2091/21/3 2090/21/3
f 2093/21/3 2091/21/3 2092/21/3
f 2096/16/3 2095/16/3 2094/16/3
f 2097/16/3 2095/16/3 2096/16/3
f 2100/19/3 2099/19/3 2098/19/3
f 2101/19/3 2099/19/3 2100/19/3
f 2104/16/3 2103/16/3 2102/16/3
f 2105/16/3 2103/16/3 2104/16/3
f 2108/16/3 2107/16/3 2106/16/3
f 2109/16/3 2107/16/3 2108/16/3
f 2112/21/3 2111/21/3 2110/21/3
f 2113/21/3 2111/21/3 2112/21/3
f 2116/16/3 2115/16/3 2114/16/3
f 2117/16/3 2115/16/3 2116/16/3
f 2120/16/3 2119/16/3 2118/16/3
f 2121/16/3 2119/16/3 2120/16/3
f 2124/16/3 2123/16/3 2122/16/3
f 2125/16/3 2123/16/3 2124/16/3
f 2128/16/3 2127/16/3 2126/16/3
f 2129/16/3 2127/16/3 2128/16/3
f 2135/19/3 2131/19/3 2130/19/3
f 2136/19/3 2131/19/3 2135/19/3
f 2137/16/3 2134/16/3 2133/16/3
f 2137/16/3 2133/16/3 2132/16/3
f 2138/16/3 2134/16/3 2137/16/3
f 2141/21/3 2140/21/3 2139/21/3
f 2142/21/3 2140/21/3 2141/21/3
f 2145/21/3 2144/21/3 2143/21/3
f 2146/21/3 2144/21/3 2145/21/3
f 2149/16/3 2148/16/3 2147/16/3
f 2150/16/3 2148/16/3 2149/16/3
f 2158/18/3 2156/18/3 2155/18/3
f 2158/17/3 2157/17/3 2156/17/3
f 2159/17/3 2157/17/3 2158/17/3
f 2160/18/3 2152/18/3 2151/18/3
f 2160/17/3 2153/17/3 2152/17/3
f 2161/18/3 2154/18/3 2153/18/3
f 2161/17/3 2153/17/3 2160/17/3
f 2162/17/3 2155/17/3 2154/17/3
f 2162/18/3 2154/18/3 2161/18/3
f 2163/18/3 2159/18/3 2158/18/3
f 2163/17/3 2155/17/3 2162/17/3
f 2163/18/3 2158/18/3 2155/18/3
f 2164/18/3 2159/18/3 2163/18/3
f 2165/18/3 2160/18/3 2151/18/3
f 2165/18/3 2161/18/3 2160/18/3
f 2166/19/3 2162/19/3 2161/19/3
f 2166/18/3 2161/18/3 2165/18/3
f 2166/19/3 2164/19/3 2163/19/3
f 2166/19/3 2163/19/3 2162/19/3
f 2167/18/3 2159/18/3 2164/18/3
f 2167/19/3 2164/19/3 2166/19/3
f 2168/18/3 2159/18/3 2167/18/3
f 2173/18/3 2170/18/3 2169/18/3
f 2174/18/3 2170/18/3 2173/18/3
f 2175/19/3 2171/19/3 2170/19/3
f 2175/18/3 2170/18/3 2174/18/3
f 2176/19/3 2171/19/3 2175/19/3
f 2177/18/3 2172/18/3 2171/18/3
f 2177/19/3 2171/19/3 2176/19/3
f 2178/18/3 2177/18/3 2176/18/3
f 2178/18/3 2172/18/3 2177/18/3
f 2179/18/3 2172/18/3 2178/18/3
f 2180/18/3 2173/18/3 2169/18/3
f 2181/17/3 2174/17/3 2173/17/3
f 2181/18/3 2173/18/3 2180/18/3
f 2182/18/3 2175/18/3 2174/18/3
f 2182/17/3 2174/17/3 2181/17/3
f 2183/17/3 2176/17/3 2175/17/3
f 2183/18/3 2175/18/3 2182/18/3
f 2184/18/3 2178/18/3 2176/18/3
f 2184/17/3 2176/17/3 2183/17/3
f 2185/17/3 2179/17/3 2178/17/3
f 2185/18/3 2178/18/3 2184/18/3
f 2186/17/3 2179/17/3 2185/17/3
f 2189/21/3 2188/21/3 2187/21/3
f 2190/21/3 2188/21/3 2189/21/3
f 2193/21/3 2192/21/3 2191/21/3
f 2194/21/3 2192/21/3 2193/21/3
f 2197/19/3 2196/19/3 2195/19/3
f 2198/19/3 2196/19/3 2197/19/3
f 2201/19/3 2200/19/3 2199/19/3
f 2202/19/3 2200/19/3 2201/19/3
f 2205/21/3 2204/21/3 2203/21/3
f 2206/21/3 2204/21/3 2205/21/3
f 2209/21/3 2208/21/3 2207/21/3
f 2210/21/3 2208/21/3 2209/21/3
f 2212/16/3 2211/16/3 2210/16/3
f 2213/16/3 2211/16/3 2212/16/3
f 2218/3/3 2217/3/3 2216/3/3
f 2219/3/3 2217/3/3 2218/3/3
f 2220/16/3 2215/16/3 2214/16/3
f 2221/16/3 2215/16/3 2220/16/3
f 2224/6/3 2223/6/3 2222/6/3
f 2225/6/3 2223/6/3 2224/6/3
f 2228/21/3 2227/21/3 2226/21/3
f 2229/21/3 2227/21/3 2228/21/3
f 2232/21/3 2231/21/3 2230/21/3
f 2233/21/3 2231/21/3 2232/21/3
f 2237/3/3 2233/3/3 2232/3/3
f 2237/3/3 2234/3/3 2233/3/3
f 2238/3/3 2234/3/3 2237/3/3
f 2241/3/3 2240/3/3 2239/3/3
f 2242/3/3 2240/3/3 2241/3/3
f 2243/16/3 2236/16/3 2235/16/3
f 2244/16/3 2236/16/3 2243/16/3
f 2247/16/3 2246/16/3 2245/16/3
f 2248/16/3 2246/16/3 2247/16/3
f 2251/19/3 2250/19/3 2249/19/3
f 2252/19/3 2250/19/3 2251/19/3
f 2260/18/3 2254/18/3 2253/18/3
f 2261/17/3 2255/17/3 2254/17/3
f 2261/18/3 2254/18/3 2260/18/3
f 2262/18/3 2256/18/3 2255/18/3
f 2262/17/3 2255/17/3 2261/17/3
f 2263/17/3 2257/17/3 2256/17/3
f 2263/18/3 2256/18/3 2262/18/3
f 2264/18/3 2258/18/3 2257/18/3
f 2264/17/3 2259/17/3 2258/17/3
f 2265/17/3 2259/17/3 2264/17/3
f 2266/9/3 2261/9/3 2260/9/3
f 2267/16/3 2262/16/3 2261/16/3
f 2267/9/3 2261/9/3 2266/9/3
f 2268/9/3 2263/9/3 2262/9/3
f 2268/16/3 2262/16/3 2267/16/3
f 2269/17/3 2257/17/3 2263/17/3
f 2269/9/3 2263/9/3 2268/9/3
f 2270/16/3 2268/16/3 2267/16/3
f 2270/16/3 2267/16/3 2266/16/3
f 2270/16/3 2269/16/3 2268/16/3
f 2271/16/3 2269/16/3 2270/16/3
f 2272/16/3 2269/16/3 2271/16/3
f 2273/17/3 2257/17/3 2269/17/3
f 2273/16/3 2269/16/3 2272/16/3
f 2274/9/3 2271/9/3 2270/9/3
f 2275/16/3 2272/16/3 2271/16/3
f 2275/9/3 2271/9/3 2274/9/3
f 2276/9/3 2273/9/3 2272/9/3
f 2276/16/3 2272/16/3 2275/16/3
f 2277/17/3 2257/17/3 2273/17/3
f 2277/9/3 2273/9/3 2276/9/3
f 2278/18/3 2265/18/3 2264/18/3
f 2278/18/3 2264/18/3 2257/18/3
f 2279/18/3 2265/18/3 2278/18/3
f 2280/18/3 2275/18/3 2274/18/3
f 2281/17/3 2276/17/3 2275/17/3
f 2281/18/3 2275/18/3 2280/18/3
f 2282/18/3 2277/18/3 2276/18/3
f 2282/17/3 2276/17/3 2281/17/3
f 2283/17/3 2257/17/3 2277/17/3
f 2283/18/3 2277/18/3 2282/18/3
f 2284/18/3 2278/18/3 2257/18/3
f 2284/17/3 2257/17/3 2283/17/3
f 2285/17/3 2279/17/3 2278/17/3
f 2285/18/3 2278/18/3 2284/18/3
f 2286/17/3 2279/17/3 2285/17/3
f 2289/19/3 2288/19/3 2287/19/3
f 2290/19/3 2288/19/3 2289/19/3
f 2293/21/3 2292/21/3 2291/21/3
f 2294/21/3 2292/21/3 2293/21/3
f 2297/21/3 2296/21/3 2295/21/3
f 2298/21/3 2296/21/3 2297/21/3
f 2301/7/3 2300/7/3 2299/7/3
f 2302/7/3 2300/7/3 2301/7/3
f 2305/16/3 2304/16/3 2303/16/3
f 2306/16/3 2304/16/3 2305/16/3
f 2309/21/3 2308/21/3 2307/21/3
f 2310/21/3 2308/21/3 2309/21/3
f 2313/21/3 2312/21/3 2311/21/3
f 2314/21/3 2312/21/3 2313/21/3
f 2318/3/3 2316/3/3 2315/3/3
f 2319/16/3 2317/16/3 2316/16/3
f 2319/3/3 2316/3/3 2318/3/3
f 2320/16/3 2317/16/3 2319/16/3
f 2321/16/3 2317/16/3 2320/16/3
f 2324/7/3 2323/7/3 2322/7/3
f 2325/7/3 2323/7/3 2324/7/3
f 2328/16/3 2327/16/3 2326/16/3
f 2329/16/3 2327/16/3 2328/16/3
f 2332/16/3 2331/16/3 2330/16/3
f 2333/16/3 2331/16/3 2332/16/3
f 2336/21/3 2335/21/3 2334/21/3
f 2337/21/3 2335/21/3 2336/21/3
f 2340/21/3 2339/21/3 2338/21/3
f 2341/21/3 2339/21/3 2340/21/3
f 2344/21/3 2343/21/3 2342/21/3
f 2345/21/3 2343/21/3 2344/21/3
f 2348/21/3 2347/21/3 2346/21/3
f 2349/21/3 2347/21/3 2348/21/3
f 2352/21/3 2351/21/3 2350/21/3
f 2353/21/3 2351/21/3 2352/21/3
f 2356/21/3 2355/21/3 2354/21/3
f 2357/21/3 2355/21/3 2356/21/3
f 2360/21/3 2359/21/3 2358/21/3
f 2361/21/3 2359/21/3 2360/21/3
f 2364/21/3 2363/21/3 2362/21/3
f 2365/21/3 2363/21/3 2364/21/3
f 2368/21/3 2367/21/3 2366/21/3
f 2369/21/3 2367/21/3 2368/21/3
f 2372/21/3 2371/21/3 2370/21/3
f 2373/21/3 2371/21/3 2372/21/3
f 2376/21/3 2375/21/3 2374/21/3
f 2377/21/3 2375/21/3 2376/21/3
f 2380/21/3 2379/21/3 2378/21/3
f 2381/21/3 2379/21/3 2380/21/3
f 2384/21/3 2383/21/3 2382/21/3
f 2385/21/3 2383/21/3 2384/21/3
f 2388/21/3 2387/21/3 2386/21/3
f 2389/21/3 2387/21/3 2388/21/3
f 2392/21/3 2391/21/3 2390/21/3
f 2393/21/3 2391/21/3 2392/21/3
f 2396/21/3 2395/21/3 2394/21/3
f 2397/21/3 2395/21/3 2396/21/3
f 2400/21/3 2399/21/3 2398/21/3
f 2401/21/3 2399/21/3 2400/21/3
f 2404/21/3 2403/21/3 2402/21/3
f 2405/21/3 2403/21/3 2404/21/3
f 2408/21/3 2407/21/3 2406/21/3
f 2409/21/3 2407/21/3 2408/21/3
f 2412/21/3 2411/21/3 2410/21/3
f 2413/21/3 2411/21/3 2412/21/3
f 2416/21/3 2415/21/3 2414/21/3
f 2417/21/3 2415/21/3 2416/21/3
f 2420/21/3 2419/21/3 2418/21/3
f 2421/21/3 2419/21/3 2420/21/3
f 2422/21/4 2423/21/4 2424/21/4
f 2424/21/4 2423/21/4 2425/21/4
f 2426/21/4 2427/21/4 2428/21/4
f 2428/21/4 2427/21/4 2429/21/4
f 2430/21/4 2431/21/4 2432/21/4
f 2432/21/4 2431/21/4 2433/21/4
f 2434/21/4 2435/21/4 2436/21/4
f 2436/21/4 2435/21/4 2437/21/4
f 2438/21/4 2439/21/4 2440/21/4
f 2440/21/4 2439/21/4 2441/21/4
f 2442/21/4 2443/21/4 2444/21/4
f 2444/21/4 2443/21/4 2445/21/4
f 2446/21/4 2447/21/4 2448/21/4
f 2448/21/4 2447/21/4 2449/21/4
f 2450/21/4 2451/21/4 2452/21/4
f 2452/21/4 2451/21/4 2453/21/4
f 2454/21/4 2455/21/4 2456/21/4
f 2456/21/4 2455/21/4 2457/21/4
f 2458/21/4 2459/21/4 2460/21/4
f 2460/21/4 2459/21/4 2461/21/4
f 2462/21/4 2463/21/4 2464/21/4
f 2464/21/4 2463/21/4 2465/21/4
f 2466/21/4 2467/21/4 2468/21/4
f 2468/21/4 2467/21/4 2469/21/4
f 2470/21/4 2471/21/4 2472/21/4
f 2472/21/4 2471/21/4 2473/21/4
f 2474/21/4 2475/21/4 2476/21/4
f 2476/21/4 2475/21/4 2477/21/4
f 2478/21/4 2479/21/4 2480/21/4
f 2480/21/4 2479/21/4 2481/21/4
f 2482/21/4 2483/21/4 2484/21/4
f 2484/21/4 2483/21/4 2485/21/4
f 2486/21/4 2487/21/4 2488/21/4
f 2488/21/4 2487/21/4 2489/21/4
f 2490/21/4 2491/21/4 2492/21/4
f 2492/21/4 2491/21/4 2493/21/4
f 2494/21/4 2495/21/4 2496/21/4
f 2494/21/4 2496/21/4 2498/21/4
f 2496/21/4 2497/21/4 2498/21/4
f 2498/21/4 2497/21/4 2499/21/4
f 2500/21/4 2501/21/4 2502/21/4
f 2502/21/4 2501/21/4 2503/21/4
f 2504/21/4 2505/21/4 2506/21/4
f 2506/21/4 2505/21/4 2507/21/4
f 2508/14/4 2509/14/4 2511/14/4
f 2509/15/4 2510/15/4 2512/15/4
f 2511/14/4 2509/14/4 2512/14/4
f 2512/15/4 2510/15/4 2513/15/4
f 2514/14/4 2515/14/4 2517/14/4
f 2515/15/4 2516/15/4 2518/15/4
f 2517/14/4 2515/14/4 2518/14/4
f 2518/15/4 2516/15/4 2519/15/4
f 2520/14/4 2521/14/4 2523/14/4
f 2521/15/4 2522/15/4 2524/15/4
f 2523/14/4 2521/14/4 2524/14/4
f 2524/15/4 2522/15/4 2525/15/4
f 2526/14/4 2527/14/4 2529/14/4
f 2527/15/4 2528/15/4 2530/15/4
f 2529/14/4 2527/14/4 2530/14/4
f 2530/15/4 2528/15/4 2531/15/4
f 2532/14/4 2533/14/4 2535/14/4
f 2533/15/4 2534/15/4 2536/15/4
f 2535/14/4 2533/14/4 2536/14/4
f 2536/15/4 2534/15/4 2537/15/4
f 2538/21/4 2539/21/4 2540/21/4
f 2540/21/4 2539/21/4 2541/21/4
f 2542/21/4 2543/21/4 2544/21/4
f 2544/21/4 2543/21/4 2545/21/4
f 2546/14/4 2547/14/4 2549/14/4
f 2547/15/4 2548/15/4 2550/15/4
f 2549/14/4 2547/14/4 2550/14/4
f 2550/15/4 2548/15/4 2551/15/4
f 2552/14/4 2553/14/4 2555/14/4
f 2553/15/4 2554/15/4 2556/15/4
f 2555/14/4 2553/14/4 2556/14/4
f 2556/15/4 2554/15/4 2557/15/4
f 2558/14/4 2559/14/4 2561/14/4
f 2559/15/4 2560/15/4 2562/15/4
f 2561/14/4 2559/14/4 2562/14/4
f 2562/15/4 2560/15/4 2563/15/4
f 2564/14/4 2565/14/4 2567/14/4
f 2565/15/4 2566/15/4 2568/15/4
f 2567/14/4 2565/14/4 2568/14/4
f 2568/15/4 2566/15/4 2569/15/4
f 2570/14/4 2571/14/4 2573/14/4
f 2571/15/4 2572/15/4 2574/15/4
f 2573/14/4 2571/14/4 2574/14/4
f 2574/15/4 2572/15/4 2575/15/4
f 2576/2/4 2577/2/4 2578/2/4
f 2578/2/4 2577/2/4 2579/2/4
f 2580/21/4 2581/21/4 2582/21/4
f 2582/21/4 2581/21/4 2583/21/4
f 2584/21/4 2585/21/4 2586/21/4
f 2586/21/4 2585/21/4 2587/21/4
f 2588/14/4 2589/14/4 2591/14/4
f 2589/15/4 2590/15/4 2592/15/4
f 2591/14/4 2589/14/4 2592/14/4
f 2592/15/4 2590/15/4 2593/15/4
f 2594/14/4 2595/14/4 2597/14/4
f 2595/15/4 2596/15/4 2598/15/4
f 2597/14/4 2595/14/4 2598/14/4
f 2598/15/4 2596/15/4 2599/15/4
f 2600/14/4 2601/14/4 2603/14/4
f 2601/15/4 2602/15/4 2604/15/4
f 2603/14/4 2601/14/4 2604/14/4
f 2604/15/4 2602/15/4 2605/15/4
f 2606/14/4 2607/14/4 2609/14/4
f 2607/15/4 2608/15/4 2610/15/4
f 2609/14/4 2607/14/4 2610/14/4
f 2610/15/4 2608/15/4 2611/15/4
f 2612/14/4 2613/14/4 2615/14/4
f 2613/15/4 2614/15/4 2616/15/4
f 2615/14/4 2613/14/4 2616/14/4
f 2616/15/4 2614/15/4 2617/15/4
f 2618/19/4 2619/19/4 2620/19/4
f 2620/19/4 2619/19/4 2621/19/4
f 2622/19/4 2623/19/4 2624/19/4
f 2624/19/4 2623/19/4 2625/19/4
f 2626/21/4 2627/21/4 2628/21/4
f 2628/21/4 2627/21/4 2629/21/4
f 2630/21/4 2631/21/4 2632/21/4
f 2632/21/4 2631/21/4 2633/21/4
f 2634/13/4 2635/13/4 2636/13/4
f 2636/13/4 2635/13/4 2637/13/4
f 2637/13/4 2635/13/4 2638/13/4
f 2639/19/4 2640/19/4 2642/19/4
f 2640/5/4 2641/5/4 2643/5/4
f 2642/19/4 2640/19/4 2643/19/4
f 2643/5/4 2641/5/4 2644/5/4
f 2643/19/4 2644/19/4 2647/19/4
f 2645/19/4 2646/19/4 2648/19/4
f 2646/5/4 2647/5/4 2649/5/4
f 2648/19/4 2646/19/4 2649/19/4
f 2647/19/4 2644/19/4 2650/19/4
f 2649/5/4 2647/5/4 2650/5/4
f 2650/19/4 2644/19/4 2651/19/4
f 2652/21/4 2653/21/4 2654/21/4
f 2654/21/4 2653/21/4 2655/21/4
f 2656/21/4 2657/21/4 2658/21/4
f 2658/21/4 2657/21/4 2659/21/4
f 2660/16/4 2661/16/4 2662/16/4
f 2662/16/4 2661/16/4 2663/16/4
f 2665/17/4 2666/17/4 2671/17/4
f 2666/18/4 2667/18/4 2671/18/4
f 2667/17/4 2668/17/4 2672/17/4
f 2671/18/4 2667/18/4 2672/18/4
f 2668/18/4 2669/18/4 2673/18/4
f 2672/17/4 2668/17/4 2673/17/4
f 2669/17/4 2670/17/4 2674/17/4
f 2673/18/4 2669/18/4 2674/18/4
f 2674/17/4 2670/17/4 2675/17/4
f 2674/19/4 2675/19/4 2678/19/4
f 2672/19/4 2673/19/4 2678/19/4
f 2673/19/4 2674/19/4 2678/19/4
f 2671/19/4 2672/19/4 2678/19/4
f 2678/19/4 2675/19/4 2679/19/4
f 2676/13/4 2677/13/4 2680/13/4
f 2680/13/4 2677/13/4 2681/13/4
f 2671/19/4 2678/19/4 2682/19/4
f 2678/20/4 2679/20/4 2682/20/4
f 2679/19/4 2675/19/4 2683/19/4
f 2682/20/4 2679/20/4 2683/20/4
f 2671/19/4 2682/19/4 2684/19/4
f 2665/17/4 2671/17/4 2684/17/4
f 2682/19/4 2683/19/4 2684/19/4
f 2684/19/4 2683/19/4 2685/19/4
f 2685/19/4 2683/19/4 2686/19/4
f 2683/19/4 2675/19/4 2687/19/4
f 2686/19/4 2683/19/4 2687/19/4
f 2687/19/4 2675/19/4 2688/19/4
f 2664/18/4 2665/18/4 2689/18/4
f 2665/17/4 2684/17/4 2690/17/4
f 2689/18/4 2665/18/4 2690/18/4
f 2684/18/4 2685/18/4 2691/18/4
f 2690/17/4 2684/17/4 2691/17/4
f 2685/17/4 2686/17/4 2692/17/4
f 2691/18/4 2685/18/4 2692/18/4
f 2686/18/4 2687/18/4 2693/18/4
f 2692/17/4 2686/17/4 2693/17/4
f 2687/17/4 2688/17/4 2694/17/4
f 2693/18/4 2687/18/4 2694/18/4
f 2694/17/4 2688/17/4 2695/17/4
f 2696/19/4 2697/19/4 2699/19/4
f 2697/21/4 2698/21/4 2700/21/4
f 2699/19/4 2697/19/4 2700/19/4
f 2700/21/4 2698/21/4 2701/21/4
f 2700/19/4 2701/19/4 2703/19/4
f 2703/19/4 2701/19/4 2704/19/4
f 2702/19/4 2703/19/4 2705/19/4
f 2703/21/4 2704/21/4 2706/21/4
f 2705/19/4 2703/19/4 2706/19/4
f 2706/21/4 2704/21/4 2707/21/4
f 2708/16/4 2709/16/4 2710/16/4
f 2710/16/4 2709/16/4 2711/16/4
f 2712/13/4 2713/13/4 2715/13/4
f 2715/13/4 2713/13/4 2716/13/4
f 2714/13/4 2715/13/4 2717/13/4
f 2717/13/4 2715/13/4 2718/13/4
f 2719/19/4 2720/19/4 2724/19/4
f 2724/19/4 2720/19/4 2725/19/4
f 2722/16/4 2723/16/4 2726/16/4
f 2721/16/4 2722/16/4 2726/16/4
f 2726/16/4 2723/16/4 2727/16/4
f 2728/4/4 2729/4/4 2730/4/4
f 2730/4/4 2729/4/4 2731/4/4
f 2732/21/4 2733/21/4 2734/21/4
f 2734/21/4 2733/21/4 2735/21/4
f 2736/21/4 2737/21/4 2738/21/4
f 2738/21/4 2737/21/4 2739/21/4
f 2740/16/4 2741/16/4 2742/16/4
f 2742/16/4 2741/16/4 2743/16/4
f 2744/13/4 2745/13/4 2746/13/4
f 2746/13/4 2745/13/4 2747/13/4
f 2744/13/4 2746/13/4 2748/13/4
f 2748/13/4 2746/13/4 2749/13/4
f 2750/16/4 2751/16/4 2752/16/4
f 2752/16/4 2751/16/4 2753/16/4
f 2754/16/4 2755/16/4 2756/16/4
f 2756/16/4 2755/16/4 2757/16/4
f 2758/13/4 2759/13/4 2762/13/4
f 2760/11/4 2761/11/4 2763/11/4
f 2761/12/4 2762/12/4 2764/12/4
f 2763/11/4 2761/11/4 2764/11/4
f 2762/13/4 2759/13/4 2765/13/4
f 2764/12/4 2762/12/4 2765/12/4
f 2765/13/4 2759/13/4 2766/13/4
f 2766/13/4 2759/13/4 2767/13/4
f 2768/16/4 2769/16/4 2770/16/4
f 2770/16/4 2769/16/4 2771/16/4
f 2772/21/4 2773/21/4 2774/21/4
f 2774/21/4 2773/21/4 2775/21/4
f 2776/21/4 2777/21/4 2778/21/4
f 2778/21/4 2777/21/4 2779/21/4
f 2780/19/4 2781/19/4 2784/19/4
f 2784/19/4 2781/19/4 2785/19/4
f 2782/16/4 2783/16/4 2786/16/4
f 2786/16/4 2783/16/4 2787/16/4
f 2788/19/4 2789/19/4 2790/19/4
f 2790/19/4 2789/19/4 2791/19/4
f 2796/19/4 2797/19/4 2798/19/4
f 2798/19/4 2797/19/4 2799/19/4
f 2792/19/4 2793/19/4 2801/19/4
f 2801/19/4 2793/19/4 2802/19/4
f 2794/16/4 2795/16/4 2803/16/4
f 2801/19/4 2802/19/4 2804/19/4
f 2802/19/4 2803/19/4 2804/19/4
f 2800/19/4 2801/19/4 2804/19/4
f 2803/16/4 2795/16/4 2805/16/4
f 2804/19/4 2803/19/4 2805/19/4
f 2805/16/4 2795/16/4 2806/16/4
f 2807/21/4 2808/21/4 2809/21/4
f 2809/21/4 2808/21/4 2810/21/4
f 2811/21/4 2812/21/4 2813/21/4
f 2813/21/4 2812/21/4 2814/21/4
f 2815/16/4 2816/16/4 2817/16/4
f 2817/16/4 2816/16/4 2818/16/4
f 2819/11/4 2820/11/4 2825/11/4
f 2825/11/4 2820/11/4 2826/11/4
f 2823/16/4 2824/16/4 2827/16/4
f 2827/16/4 2824/16/4 2828/16/4
f 2821/16/4 2822/16/4 2829/16/4
f 2829/16/4 2822/16/4 2830/16/4
f 2833/16/4 2834/16/4 2837/16/4
f 2835/19/4 2836/19/4 2838/19/4
f 2838/19/4 2836/19/4 2839/19/4
f 2831/16/4 2832/16/4 2840/16/4
f 2840/16/4 2832/16/4 2841/16/4
f 2833/16/4 2837/16/4 2842/16/4
f 2842/16/4 2837/16/4 2843/16/4
f 2844/21/4 2845/21/4 2846/21/4
f 2846/21/4 2845/21/4 2847/21/4
f 2848/11/4 2849/11/4 2852/11/4
f 2852/11/4 2849/11/4 2853/11/4
f 2850/16/4 2851/16/4 2854/16/4
f 2854/16/4 2851/16/4 2855/16/4
f 2856/19/4 2857/19/4 2860/19/4
f 2860/19/4 2857/19/4 2861/19/4
f 2861/19/4 2857/19/4 2862/19/4
f 2862/19/4 2857/19/4 2863/19/4
f 2863/19/4 2857/19/4 2864/19/4
f 2865/19/4 2866/19/4 2874/19/4
f 2866/19/4 2867/19/4 2874/19/4
f 2868/16/4 2869/16/4 2875/16/4
f 2872/19/4 2873/19/4 2876/19/4
f 2871/19/4 2872/19/4 2876/19/4
f 2870/19/4 2871/19/4 2876/19/4
f 2876/19/4 2873/19/4 2877/19/4
f 2858/16/4 2859/16/4 2878/16/4
f 2878/16/4 2859/16/4 2879/16/4
f 2865/19/4 2874/19/4 2880/19/4
f 2875/16/4 2869/16/4 2881/16/4
f 2865/19/4 2880/19/4 2882/19/4
f 2880/19/4 2881/19/4 2882/19/4
f 2881/16/4 2869/16/4 2883/16/4
f 2882/19/4 2881/19/4 2883/19/4
f 2883/16/4 2869/16/4 2884/16/4
f 2885/21/4 2886/21/4 2887/21/4
f 2887/21/4 2886/21/4 2888/21/4
f 2891/19/4 2892/19/4 2893/19/4
f 2893/19/4 2892/19/4 2894/19/4
f 2889/16/4 2890/16/4 2895/16/4
f 2895/16/4 2890/16/4 2896/16/4
f 2897/16/4 2898/16/4 2899/16/4
f 2899/16/4 2898/16/4 2900/16/4
f 2901/21/4 2902/21/4 2903/21/4
f 2903/21/4 2902/21/4 2904/21/4
f 2905/16/4 2906/16/4 2907/16/4
f 2907/16/4 2906/16/4 2908/16/4
f 2909/16/4 2910/16/4 2911/16/4
f 2911/16/4 2910/16/4 2912/16/4
f 2913/16/4 2914/16/4 2915/16/4
f 2915/16/4 2914/16/4 2916/16/4
f 2919/19/4 2920/19/4 2924/19/4
f 2922/19/4 2923/19/4 2924/19/4
f 2921/19/4 2922/19/4 2924/19/4
f 2920/19/4 2921/19/4 2924/19/4
f 2924/19/4 2923/19/4 2925/19/4
f 2917/16/4 2918/16/4 2926/16/4
f 2926/16/4 2918/16/4 2927/16/4
f 2928/21/4 2929/21/4 2930/21/4
f 2930/21/4 2929/21/4 2931/21/4
f 2932/21/4 2933/21/4 2934/21/4
f 2934/21/4 2933/21/4 2935/21/4
f 2936/16/4 2937/16/4 2946/16/4
f 2940/17/4 2941/17/4 2947/17/4
f 2941/18/4 2942/18/4 2947/18/4
f 2942/17/4 2943/17/4 2948/17/4
f 2947/18/4 2942/18/4 2948/18/4
f 2944/17/4 2945/17/4 2949/17/4
f 2943/18/4 2944/18/4 2949/18/4
f 2945/18/4 2946/18/4 2950/18/4
f 2949/17/4 2945/17/4 2950/17/4
f 2938/22/4 2939/22/4 2951/22/4
f 2939/18/4 2940/18/4 2952/18/4
f 2951/22/4 2939/22/4 2952/22/4
f 2940/17/4 2947/17/4 2953/17/4
f 2952/18/4 2940/18/4 2953/18/4
f 2953/17/4 2947/17/4 2954/17/4
f 2948/17/4 2943/17/4 2955/17/4
f 2943/18/4 2949/18/4 2956/18/4
f 2955/17/4 2943/17/4 2956/17/4
f 2956/18/4 2949/18/4 2957/18/4
f 2950/18/4 2946/18/4 2958/18/4
f 2946/16/4 2937/16/4 2959/16/4
f 2958/18/4 2946/18/4 2959/18/4
f 2959/16/4 2937/16/4 2960/16/4
f 2963/17/4 2964/17/4 2971/17/4
f 2965/17/4 2966/17/4 2972/17/4
f 2966/18/4 2967/18/4 2973/18/4
f 2968/18/4 2969/18/4 2974/18/4
f 2961/22/4 2962/22/4 2975/22/4
f 2962/18/4 2963/18/4 2976/18/4
f 2975/22/4 2962/22/4 2976/22/4
f 2963/17/4 2971/17/4 2977/17/4
f 2976/18/4 2963/18/4 2977/18/4
f 2971/18/4 2972/18/4 2978/18/4
f 2977/17/4 2971/17/4 2978/17/4
f 2972/17/4 2966/17/4 2979/17/4
f 2978/18/4 2972/18/4 2979/18/4
f 2966/18/4 2973/18/4 2980/18/4
f 2979/17/4 2966/17/4 2980/17/4
f 2973/17/4 2974/17/4 2981/17/4
f 2980/18/4 2973/18/4 2981/18/4
f 2974/18/4 2969/18/4 2982/18/4
f 2981/17/4 2974/17/4 2982/17/4
f 2969/16/4 2970/16/4 2983/16/4
f 2982/18/4 2969/18/4 2983/18/4
f 2983/16/4 2970/16/4 2984/16/4
f 2984/16/4 2970/16/4 2985/16/4
f 2986/21/4 2987/21/4 2988/21/4
f 2988/21/4 2987/21/4 2989/21/4
f 2990/21/4 2991/21/4 2992/21/4
f 2992/21/4 2991/21/4 2993/21/4
f 2994/19/4 2995/19/4 2996/19/4
f 2996/19/4 2995/19/4 2997/19/4
f 2998/19/4 2999/19/4 3000/19/4
f 3000/19/4 2999/19/4 3001/19/4
f 3002/21/4 3003/21/4 3004/21/4
f 3004/21/4 3003/21/4 3005/21/4
f 3006/21/4 3007/21/4 3008/21/4
f 3008/21/4 3007/21/4 3009/21/4
f 3009/16/4 3010/16/4 3011/16/4
f 3011/16/4 3010/16/4 3012/16/4
f 3013/16/4 3014/16/4 3015/16/4
f 3015/16/4 3014/16/4 3016/16/4
f 3017/3/4 3018/3/4 3020/3/4
f 3018/16/4 3019/16/4 3021/16/4
f 3020/3/4 3018/3/4 3021/3/4
f 3021/16/4 3019/16/4 3022/16/4
f 3022/16/4 3019/16/4 3023/16/4
f 3024/21/4 3025/21/4 3026/21/4
f 3026/21/4 3025/21/4 3027/21/4
f 3028/21/4 3029/21/4 3030/21/4
f 3030/21/4 3029/21/4 3031/21/4
f 3032/16/4 3033/16/4 3034/16/4
f 3034/16/4 3033/16/4 3035/16/4
f 3036/19/4 3037/19/4 3041/19/4
f 3041/19/4 3037/19/4 3042/19/4
f 3042/19/4 3037/19/4 3043/19/4
f 3040/17/4 3041/17/4 3045/17/4
f 3041/19/4 3042/19/4 3045/19/4
f 3045/19/4 3042/19/4 3046/19/4
f 3046/19/4 3042/19/4 3047/19/4
f 3042/17/4 3043/17/4 3048/17/4
f 3047/19/4 3042/19/4 3048/19/4
f 3043/18/4 3044/18/4 3049/18/4
f 3038/22/4 3039/22/4 3051/22/4
f 3039/18/4 3040/18/4 3052/18/4
f 3051/22/4 3039/22/4 3052/22/4
f 3040/17/4 3045/17/4 3053/17/4
f 3052/18/4 3040/18/4 3053/18/4
f 3045/18/4 3046/18/4 3054/18/4
f 3053/17/4 3045/17/4 3054/17/4
f 3046/17/4 3047/17/4 3055/17/4
f 3054/18/4 3046/18/4 3055/18/4
f 3048/17/4 3043/17/4 3056/17/4
f 3047/18/4 3048/18/4 3056/18/4
f 3049/18/4 3050/18/4 3057/18/4
f 3056/17/4 3043/17/4 3057/17/4
f 3043/18/4 3049/18/4 3057/18/4
f 3057/18/4 3050/18/4 3058/18/4
f 3051/16/4 3052/16/4 3060/16/4
f 3052/9/4 3053/9/4 3060/9/4
f 3060/9/4 3053/9/4 3061/9/4
f 3054/9/4 3055/9/4 3062/9/4
f 3055/17/4 3047/17/4 3063/17/4
f 3062/9/4 3055/9/4 3063/9/4
f 3058/18/4 3059/18/4 3064/18/4
f 3061/16/4 3062/16/4 3066/16/4
f 3060/16/4 3061/16/4 3066/16/4
f 3051/16/4 3060/16/4 3066/16/4
f 3062/16/4 3063/16/4 3066/16/4
f 3066/16/4 3063/16/4 3067/16/4
f 3067/16/4 3063/16/4 3068/16/4
f 3063/17/4 3047/17/4 3069/17/4
f 3068/16/4 3063/16/4 3069/16/4
f 3051/16/4 3066/16/4 3070/16/4
f 3066/9/4 3067/9/4 3071/9/4
f 3070/16/4 3066/16/4 3071/16/4
f 3071/9/4 3067/9/4 3072/9/4
f 3068/9/4 3069/9/4 3073/9/4
f 3069/17/4 3047/17/4 3074/17/4
f 3073/9/4 3069/9/4 3074/9/4
f 3064/18/4 3065/18/4 3075/18/4
f 3058/18/4 3064/18/4 3075/18/4
f 3075/18/4 3065/18/4 3076/18/4
f 3047/18/4 3056/18/4 3077/18/4
f 3058/18/4 3075/18/4 3079/18/4
f 3079/18/4 3075/18/4 3080/18/4
f 3072/17/4 3073/17/4 3081/17/4
f 3073/18/4 3074/18/4 3081/18/4
f 3074/17/4 3047/17/4 3082/17/4
f 3081/18/4 3074/18/4 3082/18/4
f 3047/18/4 3077/18/4 3083/18/4
f 3082/17/4 3047/17/4 3083/17/4
f 3077/17/4 3078/17/4 3084/17/4
f 3083/18/4 3077/18/4 3084/18/4
f 3078/18/4 3079/18/4 3085/18/4
f 3085/18/4 3079/18/4 3086/18/4
f 3070/22/4 3071/22/4 3087/22/4
f 3071/18/4 3072/18/4 3088/18/4
f 3087/22/4 3071/22/4 3088/22/4
f 3072/17/4 3081/17/4 3089/17/4
f 3088/18/4 3072/18/4 3089/18/4
f 3082/19/4 3083/19/4 3090/19/4
f 3089/17/4 3081/17/4 3090/17/4
f 3081/19/4 3082/19/4 3090/19/4
f 3083/19/4 3084/19/4 3090/19/4
f 3084/17/4 3078/17/4 3091/17/4
f 3090/19/4 3084/19/4 3091/19/4
f 3078/18/4 3085/18/4 3092/18/4
f 3091/17/4 3078/17/4 3092/17/4
f 3092/18/4 3085/18/4 3093/18/4
f 3091/19/4 3092/19/4 3094/19/4
f 3090/19/4 3091/19/4 3094/19/4
f 3094/19/4 3092/19/4 3095/19/4
f 3096/21/4 3097/21/4 3098/21/4
f 3098/21/4 3097/21/4 3099/21/4
f 3100/21/4 3101/21/4 3102/21/4
f 3102/21/4 3101/21/4 3103/21/4
f 3104/16/4 3105/16/4 3106/16/4
f 3106/16/4 3105/16/4 3107/16/4
f 3108/16/4 3109/16/4 3110/16/4
f 3110/16/4 3109/16/4 3111/16/4
f 3111/16/4 3112/16/4 3116/16/4
f 3116/16/4 3112/16/4 3117/16/4
f 3113/11/4 3114/11/4 3119/11/4
f 3119/11/4 3114/11/4 3120/11/4
f 3115/19/4 3116/19/4 3121/19/4
f 3121/19/4 3116/19/4 3122/19/4
f 3117/16/4 3118/16/4 3123/16/4
f 3123/16/4 3118/16/4 3124/16/4
f 3126/11/4 3127/11/4 3128/11/4
f 3128/11/4 3127/11/4 3129/11/4
f 3122/19/4 3116/19/4 3131/19/4
f 3124/16/4 3125/16/4 3133/16/4
f 3133/16/4 3125/16/4 3134/16/4
f 3130/19/4 3131/19/4 3135/19/4
f 3131/19/4 3116/19/4 3136/19/4
f 3135/19/4 3131/19/4 3136/19/4
f 3132/16/4 3133/16/4 3137/16/4
f 3137/16/4 3133/16/4 3138/16/4
f 3136/16/4 3137/16/4 3140/16/4
f 3140/16/4 3137/16/4 3141/16/4
f 3139/16/4 3140/16/4 3142/16/4
f 3142/16/4 3140/16/4 3143/16/4
f 3144/7/4 3145/7/4 3146/7/4
f 3146/7/4 3145/7/4 3147/7/4
f 3148/3/4 3149/3/4 3153/3/4
f 3149/3/4 3150/3/4 3153/3/4
f 3153/3/4 3150/3/4 3154/3/4
f 3155/3/4 3156/3/4 3157/3/4
f 3157/3/4 3156/3/4 3158/3/4
f 3151/16/4 3152/16/4 3159/16/4
f 3159/16/4 3152/16/4 3160/16/4
f 3161/21/4 3162/21/4 3163/21/4
f 3163/21/4 3162/21/4 3164/21/4
f 3165/21/4 3166/21/4 3167/21/4
f 3167/21/4 3166/21/4 3168/21/4
f 3171/3/4 3172/3/4 3173/3/4
f 3173/3/4 3172/3/4 3174/3/4
f 3169/16/4 3170/16/4 3175/16/4
f 3175/16/4 3170/16/4 3176/16/4
f 3177/8/4 3178/8/4 3179/8/4
f 3179/8/4 3178/8/4 3180/8/4
f 3181/7/4 3182/7/4 3183/7/4
f 3183/7/4 3182/7/4 3184/7/4
f 3185/16/4 3186/16/4 3187/16/4
f 3187/16/4 3186/16/4 3188/16/4
f 3189/21/4 3190/21/4 3191/21/4
f 3191/21/4 3190/21/4 3192/21/4
f 3193/6/4 3194/6/4 3195/6/4
f 3195/6/4 3194/6/4 3196/6/4
f 3198/17/4 3199/17/4 3201/17/4
f 3199/21/4 3200/21/4 3201/21/4
f 3201/21/4 3200/21/4 3202/21/4
f 3198/17/4 3201/17/4 3203/17/4
f 3198/17/4 3203/17/4 3205/17/4
f 3203/21/4 3204/21/4 3205/21/4
f 3205/21/4 3204/21/4 3206/21/4
f 3198/17/4 3205/17/4 3207/17/4
f 3198/17/4 3207/17/4 3209/17/4
f 3207/21/4 3208/21/4 3209/21/4
f 3209/21/4 3208/21/4 3210/21/4
f 3198/17/4 3209/17/4 3211/17/4
f 3198/17/4 3211/17/4 3213/17/4
f 3211/21/4 3212/21/4 3213/21/4
f 3213/21/4 3212/21/4 3214/21/4
f 3198/17/4 3213/17/4 3215/17/4
f 3198/17/4 3215/17/4 3217/17/4
f 3215/21/4 3216/21/4 3217/21/4
f 3217/21/4 3216/21/4 3218/21/4
f 3198/17/4 3217/17/4 3219/17/4
f 3198/17/4 3219/17/4 3221/17/4
f 3219/21/4 3220/21/4 3221/21/4
f 3221/21/4 3220/21/4 3222/21/4
f 3198/17/4 3221/17/4 3223/17/4
f 3198/17/4 3223/17/4 3225/17/4
f 3223/21/4 3224/21/4 3225/21/4
f 3225/21/4 3224/21/4 3226/21/4
f 3198/17/4 3225/17/4 3227/17/4
f 3198/17/4 3227/17/4 3229/17/4
f 3227/21/4 3228/21/4 3229/21/4
f 3229/21/4 3228/21/4 3230/21/4
f 3198/17/4 3229/17/4 3231/17/4
f 3198/17/4 3231/17/4 3233/17/4
f 3231/21/4 3232/21/4 3233/21/4
f 3233/21/4 3232/21/4 3234/21/4
f 3198/17/4 3233/17/4 3235/17/4
f 3198/17/4 3235/17/4 3237/17/4
f 3235/21/4 3236/21/4 3237/21/4
f 3237/21/4 3236/21/4 3238/21/4
f 3198/17/4 3237/17/4 3239/17/4
f 3198/17/4 3239/17/4 3241/17/4
f 3239/21/4 3240/21/4 3241/21/4
f 3241/21/4 3240/21/4 3242/21/4
f 3198/17/4 3241/17/4 3243/17/4
f 3198/17/4 3243/17/4 3245/17/4
f 3243/21/4 3244/21/4 3245/21/4
f 3245/21/4 3244/21/4 3246/21/4
f 3198/17/4 3245/17/4 3247/17/4
f 3198/17/4 3247/17/4 3249/17/4
f 3247/21/4 3248/21/4 3249/21/4
f 3249/21/4 3248/21/4 3250/21/4
f 3198/17/4 3249/17/4 3251/17/4
f 3198/17/4 3251/17/4 3253/17/4
f 3251/21/4 3252/21/4 3253/21/4
f 3253/21/4 3252/21/4 3254/21/4
f 3198/17/4 3253/17/4 3255/17/4
f 3198/17/4 3255/17/4 3257/17/4
f 3255/21/4 3256/21/4 3257/21/4
f 3257/21/4 3256/21/4 3258/21/4
f 3198/17/4 3257/17/4 3259/17/4
f 3198/17/4 3259/17/4 3261/17/4
f 3259/21/4 3260/21/4 3261/21/4
f 3261/21/4 3260/21/4 3262/21/4
f 3198/17/4 3261/17/4 3263/17/4
f 3198/17/4 3263/17/4 3265/17/4
f 3263/21/4 3264/21/4 3265/21/4
f 3265/21/4 3264/21/4 3266/21/4
f 3198/17/4 3265/17/4 3267/17/4
f 3198/17/4 3267/17/4 3269/17/4
f 3267/21/4 3268/21/4 3269/21/4
f 3269/21/4 3268/21/4 3270/21/4
f 3198/17/4 3269/17/4 3271/17/4
f 3197/16/4 3198/16/4 3273/16/4
f 3198/17/4 3271/17/4 3274/17/4
f 3273/16/4 3198/16/4 3274/16/4
f 3271/21/4 3272/21/4 3275/21/4
f 3274/17/4 3271/17/4 3275/17/4
f 3275/21/4 3272/21/4 3276/21/4
f 3279/16/5 3278/16/5 3277/16/5
f 3280/16/5 3278/16/5 3279/16/5
f 3284/19/5 3282/19/5 3281/19/5
f 3285/19/5 3282/19/5 3284/19/5
f 3287/19/5 3284/19/5 3283/19/5
f 3287/19/5 3286/19/5 3285/19/5
f 3287/19/5 3285/19/5 3284/19/5
f 3288/19/5 3286/19/5 3287/19/5
f 3289/19/5 3287/19/5 3283/19/5
f 3290/19/5 3287/19/5 3289/19/5
f 3291/5/5 3288/5/5 3287/5/5
f 3291/19/5 3287/19/5 3290/19/5
f 3292/5/5 3288/5/5 3291/5/5
f 3293/19/5 3291/19/5 3290/19/5
f 3294/19/5 3291/19/5 3293/19/5
f 3297/19/5 3296/19/5 3295/19/5
f 3298/19/5 3296/19/5 3297/19/5
f 3301/19/5 3300/19/5 3299/19/5
f 3302/19/5 3300/19/5 3301/19/5
f 3307/11/5 3304/11/5 3303/11/5
f 3308/11/5 3304/11/5 3307/11/5
f 3309/11/5 3306/11/5 3305/11/5
f 3310/11/5 3306/11/5 3309/11/5
f 3313/19/5 3312/19/5 3311/19/5
f 3314/19/5 3312/19/5 3313/19/5
f 3318/19/5 3317/19/5 3316/19/5
f 3318/19/5 3316/19/5 3315/19/5
f 3319/19/5 3317/19/5 3318/19/5
f 3320/19/5 3317/19/5 3319/19/5
f 3321/19/5 3317/19/5 3320/19/5
f 3322/4/5 3320/4/5 3319/4/5
f 3323/4/5 3320/4/5 3322/4/5
f 3328/11/5 3327/11/5 3326/11/5
f 3329/11/5 3327/11/5 3328/11/5
f 3332/11/5 3331/11/5 3330/11/5
f 3333/11/5 3331/11/5 3332/11/5
f 3334/19/5 3325/19/5 3324/19/5
f 3335/19/5 3325/19/5 3334/19/5
f 3342/16/5 3341/16/5 3340/16/5
f 3343/16/5 3341/16/5 3342/16/5
f 3344/16/5 3341/16/5 3343/16/5
f 3345/16/5 3341/16/5 3344/16/5
f 3346/19/5 3337/19/5 3336/19/5
f 3347/19/5 3337/19/5 3346/19/5
f 3348/19/5 3339/19/5 3338/19/5
f 3349/19/5 3339/19/5 3348/19/5
f 3354/16/5 3351/16/5 3350/16/5
f 3354/16/5 3353/16/5 3352/16/5
f 3354/16/5 3352/16/5 3351/16/5
f 3355/16/5 3353/16/5 3354/16/5
f 3360/16/5 3357/16/5 3356/16/5
f 3361/16/5 3357/16/5 3360/16/5
f 3362/16/5 3359/16/5 3358/16/5
f 3363/16/5 3359/16/5 3362/16/5
f 3368/16/5 3365/16/5 3364/16/5
f 3369/16/5 3365/16/5 3368/16/5
f 3370/16/5 3367/16/5 3366/16/5
f 3371/16/5 3367/16/5 3370/16/5
f 3374/19/5 3373/19/5 3372/19/5
f 3375/19/5 3373/19/5 3374/19/5
f 3378/19/5 3377/19/5 3376/19/5
f 3379/19/5 3377/19/5 3378/19/5
f 3382/16/5 3381/16/5 3380/16/5
f 3383/16/5 3381/16/5 3382/16/5
f 3386/16/5 3385/16/5 3384/16/5
f 3387/16/5 3385/16/5 3386/16/5
f 3390/19/5 3389/19/5 3388/19/5
f 3391/19/5 3389/19/5 3390/19/5
f 3397/16/5 3395/16/5 3394/16/5
f 3397/16/5 3396/16/5 3395/16/5
f 3398/16/5 3396/16/5 3397/16/5
f 3399/19/5 3393/19/5 3392/19/5
f 3400/19/5 3393/19/5 3399/19/5
f 3403/16/5 3402/16/5 3401/16/5
f 3404/16/5 3402/16/5 3403/16/5
f 3405/16/5 3402/16/5 3404/16/5
f 3410/19/5 3407/19/5 3406/19/5
f 3411/19/5 3407/19/5 3410/19/5
f 3412/19/5 3409/19/5 3408/19/5
f 3413/19/5 3409/19/5 3412/19/5
f 3420/19/5 3415/19/5 3414/19/5
f 3421/19/5 3415/19/5 3420/19/5
f 3422/19/5 3417/19/5 3416/19/5
f 3423/19/5 3417/19/5 3422/19/5
f 3426/16/5 3419/16/5 3418/16/5
f 3427/16/5 3419/16/5 3426/16/5
f 3428/19/5 3425/19/5 3424/19/5
f 3429/19/5 3425/19/5 3428/19/5
f 3430/19/5 3425/19/5 3429/19/5
f 3431/19/5 3425/19/5 3430/19/5
f 3432/8/5 3430/8/5 3429/8/5
f 3433/8/5 3430/8/5 3432/8/5
f 3438/18/5 3435/18/5 3434/18/5
f 3438/18/5 3437/18/5 3436/18/5
f 3438/18/5 3436/18/5 3435/18/5
f 3439/18/5 3437/18/5 3438/18/5
f 3442/16/5 3441/16/5 3440/16/5
f 3443/16/5 3441/16/5 3442/16/5
f 3446/16/5 3445/16/5 3444/16/5
f 3447/16/5 3445/16/5 3446/16/5
f 3448/18/5 3439/18/5 3438/18/5
f 3449/18/5 3439/18/5 3448/18/5
f 3450/18/5 3449/18/5 3448/18/5
f 3451/18/5 3449/18/5 3450/18/5
f 3452/18/5 3449/18/5 3451/18/5
f 3453/18/5 3449/18/5 3452/18/5
f 3454/18/5 3449/18/5 3453/18/5
f 3455/18/5 3449/18/5 3454/18/5
f 3456/18/5 3453/18/5 3452/18/5
f 3457/18/5 3453/18/5 3456/18/5
f 3458/18/5 3457/18/5 3456/18/5
f 3459/18/5 3457/18/5 3458/18/5
f 3460/18/5 3457/18/5 3459/18/5
f 3461/18/5 3457/18/5 3460/18/5
f 3466/16/5 3463/16/5 3462/16/5
f 3467/16/5 3463/16/5 3466/16/5
f 3468/16/5 3465/16/5 3464/16/5
f 3469/16/5 3465/16/5 3468/16/5
f 3472/16/5 3471/16/5 3470/16/5
f 3473/16/5 3471/16/5 3472/16/5
f 3478/16/5 3477/16/5 3476/16/5
f 3479/16/5 3477/16/5 3478/16/5
f 3480/16/5 3475/16/5 3474/16/5
f 3481/16/5 3475/16/5 3480/16/5
f 3486/16/5 3483/16/5 3482/16/5
f 3487/16/5 3483/16/5 3486/16/5
f 3488/16/5 3485/16/5 3484/16/5
f 3489/16/5 3485/16/5 3488/16/5
f 3492/16/5 3491/16/5 3490/16/5
f 3493/16/5 3491/16/5 3492/16/5
f 3496/19/5 3495/19/5 3494/19/5
f 3497/19/5 3495/19/5 3496/19/5
f 3500/19/5 3499/19/5 3498/19/5
f 3501/19/5 3499/19/5 3500/19/5
f 3504/16/5 3503/16/5 3502/16/5
f 3505/16/5 3503/16/5 3504/16/5
f 3510/16/5 3507/16/5 3506/16/5
f 3511/16/5 3507/16/5 3510/16/5
f 3512/16/5 3509/16/5 3508/16/5
f 3513/16/5 3509/16/5 3512/16/5
f 3518/16/5 3515/16/5 3514/16/5
f 3519/16/5 3515/16/5 3518/16/5
f 3520/16/5 3517/16/5 3516/16/5
f 3521/16/5 3517/16/5 3520/16/5
f 3526/16/5 3523/16/5 3522/16/5
f 3527/16/5 3523/16/5 3526/16/5
f 3528/16/5 3525/16/5 3524/16/5
f 3529/16/5 3525/16/5 3528/16/5
f 3534/16/5 3531/16/5 3530/16/5
f 3535/16/5 3531/16/5 3534/16/5
f 3536/16/5 3533/16/5 3532/16/5
f 3537/16/5 3533/16/5 3536/16/5
f 3542/16/5 3539/16/5 3538/16/5
f 3543/16/5 3539/16/5 3542/16/5
f 3544/16/5 3541/16/5 3540/16/5
f 3545/16/5 3541/16/5 3544/16/5
f 3550/16/5 3547/16/5 3546/16/5
f 3551/16/5 3547/16/5 3550/16/5
f 3552/16/5 3549/16/5 3548/16/5
f 3553/16/5 3549/16/5 3552/16/5
f 3556/16/5 3555/16/5 3554/16/5
f 3557/16/5 3555/16/5 3556/16/5
f 3562/16/5 3559/16/5 3558/16/5
f 3563/16/5 3559/16/5 3562/16/5
f 3564/16/5 3561/16/5 3560/16/5
f 3565/16/5 3561/16/5 3564/16/5
f 3568/19/5 3567/19/5 3566/19/5
f 3569/19/5 3567/19/5 3568/19/5
f 3572/19/5 3571/19/5 3570/19/5
f 3573/19/5 3571/19/5 3572/19/5
f 3578/16/5 3575/16/5 3574/16/5
f 3579/16/5 3575/16/5 3578/16/5
f 3580/16/5 3577/16/5 3576/16/5
f 3581/16/5 3577/16/5 3580/16/5
f 3584/16/5 3583/16/5 3582/16/5
f 3585/16/5 3583/16/5 3584/16/5
f 3588/16/5 3587/16/5 3586/16/5
f 3589/16/5 3587/16/5 3588/16/5
f 3594/16/5 3591/16/5 3590/16/5
f 3595/16/5 3591/16/5 3594/16/5
f 3596/16/5 3593/16/5 3592/16/5
f 3597/16/5 3593/16/5 3596/16/5
f 3600/13/5 3599/13/5 3598/13/5
f 3601/13/5 3599/13/5 3600/13/5
f 3603/13/5 3600/13/5 3598/13/5
f 3604/13/5 3600/13/5 3603/13/5
f 3605/13/5 3602/13/5 3601/13/5
f 3606/13/5 3602/13/5 3605/13/5
f 3609/13/5 3608/13/5 3607/13/5
f 3610/13/5 3608/13/5 3609/13/5
f 3613/13/5 3612/13/5 3611/13/5
f 3614/13/5 3612/13/5 3613/13/5
f 3617/13/5 3616/13/5 3615/13/5
f 3618/13/5 3616/13/5 3617/13/5
f 3621/13/5 3620/13/5 3619/13/5
f 3622/13/5 3620/13/5 3621/13/5
f 3625/13/5 3624/13/5 3623/13/5
f 3626/13/5 3624/13/5 3625/13/5
f 3627/17/6 3628/17/6 3664/17/6
f 3664/17/6 3628/17/6 3665/17/6
f 3629/17/6 3630/17/6 3666/17/6
f 3666/17/6 3630/17/6 3667/17/6
f 3631/17/6 3632/17/6 3668/17/6
f 3668/17/6 3632/17/6 3669/17/6
f 3633/17/6 3634/17/6 3670/17/6
f 3670/17/6 3634/17/6 3671/17/6
f 3635/17/6 3636/17/6 3672/17/6
f 3672/17/6 3636/17/6 3673/17/6
f 3637/17/6 3638/17/6 3674/17/6
f 3674/17/6 3638/17/6 3675/17/6
f 3639/17/6 3640/17/6 3676/17/6
f 3676/17/6 3640/17/6 3677/17/6
f 3641/17/6 3642/17/6 3678/17/6
f 3678/17/6 3642/17/6 3679/17/6
f 3643/17/6 3644/17/6 3680/17/6
f 3680/17/6 3644/17/6 3681/17/6
f 3645/17/6 3646/17/6 3682/17/6
f 3682/17/6 3646/17/6 3683/17/6
f 3647/17/6 3648/17/6 3684/17/6
f 3684/17/6 3648/17/6 3685/17/6
f 3649/17/6 3650/17/6 3686/17/6
f 3686/17/6 3650/17/6 3687/17/6
f 3651/17/6 3652/17/6 3688/17/6
f 3688/17/6 3652/17/6 3689/17/6
f 3653/17/6 3654/17/6 3690/17/6
f 3690/17/6 3654/17/6 3691/17/6
f 3655/17/6 3656/17/6 3692/17/6
f 3692/17/6 3656/17/6 3693/17/6
f 3657/17/6 3658/17/6 3694/17/6
f 3694/17/6 3658/17/6 3695/17/6
f 3659/17/6 3660/17/6 3696/17/6
f 3696/17/6 3660/17/6 3697/17/6
f 3661/17/6 3662/17/6 3698/17/6
f 3698/17/6 3662/17/6 3699/17/6
f 3696/17/6 3697/17/6 3701/17/6
f 3699/17/6 3700/17/6 3701/17/6
f 3698/17/6 3699/17/6 3701/17/6
f 3697/17/6 3698/17/6 3701/17/6
f 3664/17/6 3665/17/6 3701/17/6
f 3695/17/6 3696/17/6 3701/17/6
f 3666/17/6 3667/17/6 3701/17/6
f 3693/17/6 3694/17/6 3701/17/6
f 3668/17/6 3669/17/6 3701/17/6
f 3691/17/6 3692/17/6 3701/17/6
f 3670/17/6 3671/17/6 3701/17/6
f 3689/17/6 3690/17/6 3701/17/6
f 3672/17/6 3673/17/6 3701/17/6
f 3687/17/6 3688/17/6 3701/17/6
f 3674/17/6 3675/17/6 3701/17/6
f 3685/17/6 3686/17/6 3701/17/6
f 3676/17/6 3677/17/6 3701/17/6
f 3683/17/6 3684/17/6 3701/17/6
f 3678/17/6 3679/17/6 3701/17/6
f 3681/17/6 3682/17/6 3701/17/6
f 3680/17/6 3681/17/6 3701/17/6
f 3679/17/6 3680/17/6 3701/17/6
f 3682/17/6 3683/17/6 3701/17/6
f 3677/17/6 3678/17/6 3701/17/6
f 3684/17/6 3685/17/6 3701/17/6
f 3675/17/6 3676/17/6 3701/17/6
f 3686/17/6 3687/17/6 3701/17/6
f 3673/17/6 3674/17/6 3701/17/6
f 3688/17/6 3689/17/6 3701/17/6
f 3671/17/6 3672/17/6 3701/17/6
f 3690/17/6 3691/17/6 3701/17/6
f 3669/17/6 3670/17/6 3701/17/6
f 3692/17/6 3693/17/6 3701/17/6
f 3667/17/6 3668/17/6 3701/17/6
f 3694/17/6 3695/17/6 3701/17/6
f 3665/17/6 3666/17/6 3701/17/6
f 3663/17/6 3664/17/6 3701/17/6
f 3701/17/6 3700/17/6 3702/17/6
f 3663/17/6 3701/17/6 3703/17/6
f 3703/17/6 3701/17/6 3704/17/6
f 3704/17/6 3701/17/6 3705/17/6
f 3705/17/6 3701/17/6 3706/17/6
f 3706/17/6 3701/17/6 3707/17/6
f 3707/17/6 3701/17/6 3708/17/6
f 3708/17/6 3701/17/6 3709/17/6
f 3709/17/6 3701/17/6 3710/17/6
f 3710/17/6 3701/17/6 3711/17/6
f 3711/17/6 3701/17/6 3712/17/6
f 3712/17/6 3701/17/6 3713/17/6
f 3713/17/6 3701/17/6 3714/17/6
f 3714/17/6 3701/17/6 3715/17/6
f 3715/17/6 3701/17/6 3716/17/6
f 3716/17/6 3701/17/6 3717/17/6
f 3717/17/6 3701/17/6 3718/17/6
f 3663/17/6 3703/17/6 3721/17/6
f 3721/17/6 3703/17/6 3722/17/6
f 3704/16/6 3705/16/6 3723/16/6
f 3706/16/6 3707/16/6 3724/16/6
f 3708/9/6 3709/9/6 3725/9/6
f 3709/16/6 3710/16/6 3726/16/6
f 3711/9/6 3712/9/6 3727/9/6
f 3712/16/6 3713/16/6 3728/16/6
f 3714/9/6 3715/9/6 3729/9/6
f 3715/16/6 3716/16/6 3730/16/6
f 3718/17/6 3719/17/6 3731/17/6
f 3717/17/6 3718/17/6 3731/17/6
f 3731/17/6 3719/17/6 3732/17/6
f 3732/17/6 3719/17/6 3733/17/6
f 3721/17/6 3722/17/6 3734/17/6
f 3720/17/6 3721/17/6 3734/17/6
f 3734/17/6 3722/17/6 3735/17/6
f 3722/16/6 3723/16/6 3736/16/6
f 3735/17/6 3722/17/6 3736/17/6
f 3723/16/6 3705/16/6 3737/16/6
f 3736/16/6 3723/16/6 3737/16/6
f 3706/16/6 3724/16/6 3738/16/6
f 3724/16/6 3725/16/6 3738/16/6
f 3725/9/6 3709/9/6 3739/9/6
f 3738/16/6 3725/16/6 3739/16/6
f 3709/16/6 3726/16/6 3740/16/6
f 3726/16/6 3727/16/6 3740/16/6
f 3727/9/6 3712/9/6 3741/9/6
f 3740/16/6 3727/16/6 3741/16/6
f 3712/16/6 3728/16/6 3742/16/6
f 3728/16/6 3729/16/6 3742/16/6
f 3729/9/6 3715/9/6 3743/9/6
f 3742/16/6 3729/16/6 3743/16/6
f 3715/16/6 3730/16/6 3744/16/6
f 3730/16/6 3731/16/6 3744/16/6
f 3731/17/6 3732/17/6 3745/17/6
f 3744/16/6 3731/16/6 3745/16/6
f 3745/17/6 3732/17/6 3746/17/6
f 3746/17/6 3732/17/6 3747/17/6
f 3747/17/6 3732/17/6 3748/17/6
f 3735/17/6 3736/17/6 3751/17/6
f 3751/17/6 3736/17/6 3752/17/6
f 3737/16/6 3705/16/6 3753/16/6
f 3706/16/6 3738/16/6 3754/16/6
f 3739/9/6 3709/9/6 3755/9/6
f 3709/16/6 3740/16/6 3756/16/6
f 3741/9/6 3712/9/6 3757/9/6
f 3712/16/6 3742/16/6 3758/16/6
f 3743/9/6 3715/9/6 3759/9/6
f 3715/16/6 3744/16/6 3760/16/6
f 3745/17/6 3746/17/6 3761/17/6
f 3761/17/6 3746/17/6 3762/17/6
f 3748/17/6 3749/17/6 3763/17/6
f 3747/17/6 3748/17/6 3763/17/6
f 3763/17/6 3749/17/6 3764/17/6
f 3764/17/6 3749/17/6 3765/17/6
f 3751/17/6 3752/17/6 3766/17/6
f 3750/17/6 3751/17/6 3766/17/6
f 3766/17/6 3752/17/6 3767/17/6
f 3752/16/6 3753/16/6 3768/16/6
f 3767/17/6 3752/17/6 3768/17/6
f 3753/16/6 3705/16/6 3769/16/6
f 3768/16/6 3753/16/6 3769/16/6
f 3706/16/6 3754/16/6 3770/16/6
f 3754/16/6 3755/16/6 3770/16/6
f 3755/9/6 3709/9/6 3771/9/6
f 3770/16/6 3755/16/6 3771/16/6
f 3709/16/6 3756/16/6 3772/16/6
f 3756/16/6 3757/16/6 3772/16/6
f 3757/9/6 3712/9/6 3773/9/6
f 3772/16/6 3757/16/6 3773/16/6
f 3712/16/6 3758/16/6 3774/16/6
f 3758/16/6 3759/16/6 3774/16/6
f 3759/9/6 3715/9/6 3775/9/6
f 3774/16/6 3759/16/6 3775/16/6
f 3760/16/6 3761/16/6 3776/16/6
f 3715/16/6 3760/16/6 3776/16/6
f 3761/17/6 3762/17/6 3777/17/6
f 3776/16/6 3761/16/6 3777/16/6
f 3763/17/6 3764/17/6 3777/17/6
f 3762/17/6 3763/17/6 3777/17/6
f 3777/17/6 3764/17/6 3778/17/6
f 3778/17/6 3764/17/6 3779/17/6
f 3779/17/6 3764/17/6 3780/17/6
f 3780/17/6 3764/17/6 3781/17/6
f 3781/17/6 3764/17/6 3782/17/6
f 3767/17/6 3768/17/6 3785/17/6
f 3785/17/6 3768/17/6 3786/17/6
f 3769/16/6 3705/16/6 3787/16/6
f 3706/16/6 3770/16/6 3788/16/6
f 3771/9/6 3709/9/6 3789/9/6
f 3709/16/6 3772/16/6 3790/16/6
f 3773/9/6 3712/9/6 3791/9/6
f 3712/16/6 3774/16/6 3792/16/6
f 3775/9/6 3715/9/6 3793/9/6
f 3715/16/6 3776/16/6 3794/16/6
f 3777/17/6 3778/17/6 3795/17/6
f 3795/17/6 3778/17/6 3796/17/6
f 3779/17/6 3780/17/6 3797/17/6
f 3797/17/6 3780/17/6 3798/17/6
f 3782/17/6 3783/17/6 3799/17/6
f 3781/17/6 3782/17/6 3799/17/6
f 3799/17/6 3783/17/6 3800/17/6
f 3800/17/6 3783/17/6 3801/17/6
f 3785/17/6 3786/17/6 3802/17/6
f 3784/17/6 3785/17/6 3802/17/6
f 3802/17/6 3786/17/6 3803/17/6
f 3786/16/6 3787/16/6 3804/16/6
f 3803/17/6 3786/17/6 3804/17/6
f 3705/9/6 3706/9/6 3805/9/6
f 3804/16/6 3787/16/6 3805/16/6
f 3787/16/6 3705/16/6 3805/16/6
f 3706/16/6 3788/16/6 3806/16/6
f 3805/9/6 3706/9/6 3806/9/6
f 3788/16/6 3789/16/6 3806/16/6
f 3789/9/6 3709/9/6 3807/9/6
f 3806/16/6 3789/16/6 3807/16/6
f 3709/16/6 3790/16/6 3808/16/6
f 3807/9/6 3709/9/6 3808/9/6
f 3790/16/6 3791/16/6 3808/16/6
f 3791/9/6 3712/9/6 3809/9/6
f 3808/16/6 3791/16/6 3809/16/6
f 3792/16/6 3793/16/6 3810/16/6
f 3809/9/6 3712/9/6 3810/9/6
f 3712/16/6 3792/16/6 3810/16/6
f 3793/9/6 3715/9/6 3811/9/6
f 3810/16/6 3793/16/6 3811/16/6
f 3715/16/6 3794/16/6 3812/16/6
f 3811/9/6 3715/9/6 3812/9/6
f 3794/16/6 3795/16/6 3812/16/6
f 3797/17/6 3798/17/6 3813/17/6
f 3812/16/6 3795/16/6 3813/16/6
f 3796/17/6 3797/17/6 3813/17/6
f 3795/17/6 3796/17/6 3813/17/6
f 3798/17/6 3799/17/6 3813/17/6
f 3799/17/6 3800/17/6 3813/17/6
f 3813/17/6 3800/17/6 3814/17/6
f 3804/17/6 3805/17/6 3817/17/6
f 3813/17/6 3814/17/6 3817/17/6
f 3812/17/6 3813/17/6 3817/17/6
f 3806/17/6 3807/17/6 3817/17/6
f 3805/17/6 3806/17/6 3817/17/6
f 3803/17/6 3804/17/6 3817/17/6
f 3808/17/6 3809/17/6 3817/17/6
f 3811/17/6 3812/17/6 3817/17/6
f 3807/17/6 3808/17/6 3817/17/6
f 3809/17/6 3810/17/6 3817/17/6
f 3810/17/6 3811/17/6 3817/17/6
f 3814/17/6 3815/17/6 3817/17/6
f 3817/17/6 3815/17/6 3818/17/6
f 3818/17/6 3815/17/6 3819/17/6
f 3819/17/6 3815/17/6 3820/17/6
f 3820/17/6 3815/17/6 3821/17/6
f 3821/17/6 3815/17/6 3822/17/6
f 3822/17/6 3815/17/6 3823/17/6
f 3816/17/6 3817/17/6 3824/17/6
f 3817/17/6 3818/17/6 3824/17/6
f 3824/17/6 3818/17/6 3825/17/6
f 3825/17/6 3818/17/6 3826/17/6
f 3826/17/6 3818/17/6 3827/17/6
f 3827/17/6 3818/17/6 3828/17/6
f 3819/17/6 3820/17/6 3829/17/6
f 3829/17/6 3820/17/6 3830/17/6
f 3821/17/6 3822/17/6 3831/17/6
f 3831/17/6 3822/17/6 3832/17/6
f 3825/17/6 3826/17/6 3835/17/6
f 3829/17/6 3830/17/6 3836/17/6
f 3827/17/6 3828/17/6 3836/17/6
f 3832/17/6 3833/17/6 3836/17/6
f 3830/17/6 3831/17/6 3836/17/6
f 3831/17/6 3832/17/6 3836/17/6
f 3828/17/6 3829/17/6 3836/17/6
f 3836/17/6 3833/17/6 3837/17/6
f 3834/17/6 3835/17/6 3838/17/6
f 3835/17/6 3826/17/6 3839/17/6
f 3838/17/6 3835/17/6 3839/17/6
f 3827/17/6 3836/17/6 3840/17/6
f 3839/17/6 3826/17/6 3843/17/6
f 3827/17/6 3840/17/6 3844/17/6
f 3840/17/6 3841/17/6 3844/17/6
f 3844/17/6 3841/17/6 3845/17/6
f 3842/17/6 3843/17/6 3846/17/6
f 3843/17/6 3826/17/6 3847/17/6
f 3846/17/6 3843/17/6 3847/17/6
f 3827/17/6 3844/17/6 3848/17/6
f 3847/17/6 3826/17/6 3851/17/6
f 3827/17/6 3848/17/6 3852/17/6
f 3848/17/6 3849/17/6 3852/17/6
f 3852/17/6 3849/17/6 3853/17/6
f 3853/17/6 3849/17/6 3854/17/6
f 3854/17/6 3849/17/6 3855/17/6
f 3850/17/6 3851/17/6 3856/17/6
f 3851/17/6 3826/17/6 3857/17/6
f 3856/17/6 3851/17/6 3857/17/6
f 3853/17/6 3854/17/6 3859/17/6
f 3859/17/6 3854/17/6 3860/17/6
f 3857/17/6 3826/17/6 3863/17/6
f 3862/17/6 3863/17/6 3864/17/6
f 3863/17/6 3826/17/6 3865/17/6
f 3864/17/6 3863/17/6 3865/17/6
f 3865/17/6 3826/17/6 3867/17/6
f 3859/9/6 3860/9/6 3868/9/6
f 3860/9/6 3861/9/6 3868/9/6
f 3858/9/6 3859/9/6 3868/9/6
f 3868/9/6 3861/9/6 3869/9/6
f 3866/17/6 3867/17/6 3870/17/6
f 3867/17/6 3826/17/6 3871/17/6
f 3870/17/6 3867/17/6 3871/17/6
f 3869/9/6 3861/9/6 3873/9/6
f 3871/17/6 3826/17/6 3875/17/6
f 3874/17/6 3875/17/6 3876/17/6
f 3875/17/6 3826/17/6 3877/17/6
f 3876/17/6 3875/17/6 3877/17/6
f 3872/9/6 3873/9/6 3878/9/6
f 3873/9/6 3861/9/6 3879/9/6
f 3878/9/6 3873/9/6 3879/9/6
f 3877/17/6 3826/17/6 3881/17/6
f 3878/17/6 3879/17/6 3882/17/6
f 3882/17/6 3879/17/6 3883/17/6
f 3880/17/6 3881/17/6 3884/17/6
f 3881/17/6 3826/17/6 3885/17/6
f 3884/17/6 3881/17/6 3885/17/6
f 3878/17/6 3882/17/6 3886/17/6
f 3885/17/6 3826/17/6 3889/17/6
f 3889/17/6 3826/17/6 3890/17/6
f 3878/17/6 3886/17/6 3893/17/6
f 3886/17/6 3887/17/6 3893/17/6
f 3893/17/6 3887/17/6 3894/17/6
f 3894/17/6 3887/17/6 3895/17/6
f 3890/17/6 3891/17/6 3896/17/6
f 3889/17/6 3890/17/6 3896/17/6
f 3888/17/6 3889/17/6 3896/17/6
f 3896/17/6 3891/17/6 3897/17/6
f 3893/17/6 3894/17/6 3898/17/6
f 3892/17/6 3893/17/6 3898/17/6
f 3897/17/6 3891/17/6 3901/17/6
f 3892/17/6 3898/17/6 3902/17/6
f 3898/17/6 3899/17/6 3902/17/6
f 3902/17/6 3899/17/6 3903/17/6
f 3900/17/6 3901/17/6 3904/17/6
f 3901/17/6 3891/17/6 3905/17/6
f 3904/17/6 3901/17/6 3905/17/6
f 3892/17/6 3902/17/6 3906/17/6
f 3905/17/6 3891/17/6 3909/17/6
f 3909/17/6 3891/17/6 3910/17/6
f 3910/17/6 3891/17/6 3911/17/6
f 3892/17/6 3906/17/6 3912/17/6
f 3906/17/6 3907/17/6 3912/17/6
f 3912/17/6 3907/17/6 3913/17/6
f 3913/17/6 3907/17/6 3914/17/6
f 3914/17/6 3907/17/6 3915/17/6
f 3908/17/6 3909/17/6 3916/17/6
f 3909/17/6 3910/17/6 3916/17/6
f 3916/17/6 3910/17/6 3917/17/6
f 3917/17/6 3910/17/6 3918/17/6
f 3911/17/6 3891/17/6 3919/17/6
f 3919/17/6 3891/17/6 3920/17/6
f 3913/17/6 3914/17/6 3921/17/6
f 3921/17/6 3922/17/6 3925/17/6
f 3913/17/6 3921/17/6 3925/17/6
f 3925/17/6 3922/17/6 3926/17/6
f 3923/17/6 3924/17/6 3927/17/6
f 3927/17/6 3924/17/6 3928/17/6
f 3920/17/6 3891/17/6 3929/17/6
f 3892/17/6 3912/17/6 3932/17/6
f 3913/17/6 3925/17/6 3933/17/6
f 3933/17/6 3934/17/6 3937/17/6
f 3913/17/6 3933/17/6 3937/17/6
f 3937/17/6 3934/17/6 3938/17/6
f 3935/17/6 3936/17/6 3939/17/6
f 3939/17/6 3936/17/6 3940/17/6
f 3930/17/6 3931/17/6 3943/17/6
f 3931/17/6 3932/17/6 3943/17/6
f 3920/17/6 3929/17/6 3943/17/6
f 3929/17/6 3930/17/6 3943/17/6
f 3913/17/6 3937/17/6 3944/17/6
f 3940/17/6 3941/17/6 3947/17/6
f 3947/17/6 3941/17/6 3948/17/6
f 3942/17/6 3943/17/6 3949/17/6
f 3913/17/6 3944/17/6 3950/17/6
f 3944/17/6 3945/17/6 3950/17/6
f 3950/17/6 3945/17/6 3951/17/6
f 3948/17/6 3949/17/6 3952/17/6
f 3947/17/6 3948/17/6 3952/17/6
f 3946/17/6 3947/17/6 3952/17/6
f 3952/17/6 3949/17/6 3953/17/6
f 3913/17/6 3950/17/6 3954/17/6
f 3949/17/6 3943/17/6 3956/17/6
f 3953/17/6 3949/17/6 3956/17/6
f 3932/17/6 3912/17/6 3956/17/6
f 3943/17/6 3932/17/6 3956/17/6
f 3954/17/6 3955/17/6 3957/17/6
f 3913/17/6 3954/17/6 3957/17/6
f 3957/17/6 3955/17/6 3958/17/6
f 3958/17/6 3955/17/6 3959/17/6
f 3953/17/6 3956/17/6 3960/17/6
f 3956/17/6 3957/17/6 3960/17/6
f 3957/17/6 3958/17/6 3960/17/6
f 3960/17/6 3958/17/6 3961/17/6
f 3961/17/6 3958/17/6 3962/17/6
f 3962/17/6 3958/17/6 3963/17/6
f 3963/17/6 3958/17/6 3964/17/6
f 3964/17/6 3958/17/6 3965/17/6
f 3965/17/6 3958/17/6 3966/17/6
f 3966/17/6 3958/17/6 3967/17/6
f 3967/17/6 3958/17/6 3968/17/6
f 3968/17/6 3958/17/6 3969/17/6
f 3969/17/6 3958/17/6 3970/17/6
f 3970/17/6 3958/17/6 3971/17/6
f 3971/17/6 3958/17/6 3972/17/6
f 3972/17/6 3958/17/6 3973/17/6
f 3973/17/6 3958/17/6 3974/17/6
f 3974/17/6 3958/17/6 3975/17/6
f 3975/17/6 3958/17/6 3976/17/6
f 3976/17/6 3958/17/6 3977/17/6
f 3977/17/6 3958/17/6 3978/17/6
f 3978/17/6 3958/17/6 3979/17/6
f 3979/17/6 3958/17/6 3980/17/6
f 3980/17/6 3958/17/6 3981/17/6
f 3981/17/6 3958/17/6 3982/17/6
f 3982/17/6 3958/17/6 3983/17/6
f 3983/17/6 3958/17/6 3984/17/6
f 3984/17/6 3958/17/6 3985/17/6
f 3985/17/6 3958/17/6 3986/17/6
f 3986/17/6 3958/17/6 3987/17/6
f 3987/17/6 3958/17/6 3988/17/6
f 3988/17/6 3958/17/6 3989/17/6
f 3989/17/6 3958/17/6 3990/17/6
f 3990/17/6 3958/17/6 3991/17/6
f 3991/17/6 3958/17/6 3992/17/6
f 3992/17/6 3958/17/6 3993/17/6
f 3993/17/6 3958/17/6 3994/17/6
f 3994/17/6 3958/17/6 3995/17/6
f 3995/17/6 3958/17/6 3996/17/6
f 3996/17/6 3958/17/6 3997/17/6
f 3961/17/6 3962/17/6 3998/17/6
f 3998/17/6 3962/17/6 3999/17/6
f 3963/17/6 3964/17/6 4000/17/6
f 4000/17/6 3964/17/6 4001/17/6
f 3965/17/6 3966/17/6 4002/17/6
f 4002/17/6 3966/17/6 4003/17/6
f 3967/17/6 3968/17/6 4004/17/6
f 4004/17/6 3968/17/6 4005/17/6
f 3969/17/6 3970/17/6 4006/17/6
f 4006/17/6 3970/17/6 4007/17/6
f 3971/17/6 3972/17/6 4008/17/6
f 4008/17/6 3972/17/6 4009/17/6
f 3973/17/6 3974/17/6 4010/17/6
f 4010/17/6 3974/17/6 4011/17/6
f 3975/17/6 3976/17/6 4012/17/6
f 4012/17/6 3976/17/6 4013/17/6
f 3977/17/6 3978/17/6 4014/17/6
f 4014/17/6 3978/17/6 4015/17/6
f 3979/17/6 3980/17/6 4016/17/6
f 4016/17/6 3980/17/6 4017/17/6
f 3981/17/6 3982/17/6 4018/17/6
f 4018/17/6 3982/17/6 4019/17/6
f 3983/17/6 3984/17/6 4020/17/6
f 4020/17/6 3984/17/6 4021/17/6
f 3985/17/6 3986/17/6 4022/17/6
f 4022/17/6 3986/17/6 4023/17/6
f 3987/17/6 3988/17/6 4024/17/6
f 4024/17/6 3988/17/6 4025/17/6
f 3989/17/6 3990/17/6 4026/17/6
f 4026/17/6 3990/17/6 4027/17/6
f 3991/17/6 3992/17/6 4028/17/6
f 4028/17/6 3992/17/6 4029/17/6
f 3993/17/6 3994/17/6 4030/17/6
f 4030/17/6 3994/17/6 4031/17/6
f 3995/17/6 3996/17/6 4032/17/6
f 4032/17/6 3996/17/6 4033/17/6
f 4034/21/6 4035/21/6 4036/21/6
f 4036/21/6 4035/21/6 4037/21/6
f 4038/16/6 4039/16/6 4040/16/6
f 4038/16/6 4040/16/6 4043/16/6
f 4041/16/6 4042/16/6 4044/16/6
f 4044/16/6 4042/16/6 4045/16/6
f 4038/16/6 4043/16/6 4046/16/6
f 4046/16/6 4043/16/6 4047/16/6
f 4047/16/6 4043/16/6 4048/16/6
f 4048/16/6 4043/16/6 4049/16/6
f 4047/16/6 4048/16/6 4050/16/6
f 4050/16/6 4048/16/6 4051/16/6
f 4051/16/6 4048/16/6 4052/16/6
f 4052/16/6 4048/16/6 4053/16/6
f 4053/16/6 4048/16/6 4054/16/6
f 4054/16/6 4048/16/6 4055/16/6
f 4056/15/6 4057/15/6 4066/15/6
f 4066/15/6 4057/15/6 4067/15/6
f 4058/15/6 4059/15/6 4068/15/6
f 4068/15/6 4059/15/6 4069/15/6
f 4060/15/6 4061/15/6 4070/15/6
f 4070/15/6 4061/15/6 4071/15/6
f 4062/15/6 4063/15/6 4072/15/6
f 4072/15/6 4063/15/6 4073/15/6
f 4064/15/6 4065/15/6 4074/15/6
f 4074/15/6 4065/15/6 4075/15/6
f 4076/15/6 4077/15/6 4086/15/6
f 4086/15/6 4077/15/6 4087/15/6
f 4078/15/6 4079/15/6 4088/15/6
f 4088/15/6 4079/15/6 4089/15/6
f 4080/15/6 4081/15/6 4090/15/6
f 4090/15/6 4081/15/6 4091/15/6
f 4082/15/6 4083/15/6 4092/15/6
f 4092/15/6 4083/15/6 4093/15/6
f 4084/15/6 4085/15/6 4094/15/6
f 4094/15/6 4085/15/6 4095/15/6
f 4096/15/6 4097/15/6 4106/15/6
f 4106/15/6 4097/15/6 4107/15/6
f 4098/15/6 4099/15/6 4108/15/6
f 4108/15/6 4099/15/6 4109/15/6
f 4100/15/6 4101/15/6 4110/15/6
f 4110/15/6 4101/15/6 4111/15/6
f 4102/15/6 4103/15/6 4112/15/6
f 4112/15/6 4103/15/6 4113/15/6
f 4104/15/6 4105/15/6 4114/15/6
f 4114/15/6 4105/15/6 4115/15/6
f 4116/19/6 4117/19/6 4119/19/6
f 4117/19/6 4118/19/6 4119/19/6
f 4119/19/6 4118/19/6 4120/19/6
f 4121/19/6 4122/19/6 4123/19/6
f 4123/19/6 4122/19/6 4124/19/6
f 4124/19/6 4122/19/6 4125/19/6
f 4126/6/6 4127/6/6 4130/6/6
f 4130/6/6 4127/6/6 4131/6/6
f 4130/7/6 4131/7/6 4132/7/6
f 4132/7/6 4131/7/6 4133/7/6
f 4130/7/6 4132/7/6 4134/7/6
f 4133/7/6 4131/7/6 4135/7/6
f 4128/1/6 4129/1/6 4136/1/6
f 4136/1/6 4129/1/6 4137/1/6
f 4134/7/6 4135/7/6 4138/7/6
f 4126/6/6 4130/6/6 4138/6/6
f 4130/7/6 4134/7/6 4138/7/6
f 4138/7/6 4135/7/6 4139/7/6
f 4126/6/6 4138/6/6 4140/6/6
f 4139/7/6 4135/7/6 4141/7/6
f 4126/6/6 4140/6/6 4142/6/6
f 4140/7/6 4141/7/6 4142/7/6
f 4141/7/6 4135/7/6 4143/7/6
f 4142/7/6 4141/7/6 4143/7/6
f 4131/6/6 4127/6/6 4143/6/6
f 4135/7/6 4131/7/6 4143/7/6
f 4126/6/6 4142/6/6 4144/6/6
f 4142/6/6 4143/6/6 4144/6/6
f 4143/6/6 4127/6/6 4145/6/6
f 4144/6/6 4143/6/6 4145/6/6
f 4146/21/6 4147/21/6 4184/21/6
f 4184/21/6 4147/21/6 4185/21/6
f 4148/21/6 4149/21/6 4186/21/6
f 4186/21/6 4149/21/6 4187/21/6
f 4150/21/6 4151/21/6 4188/21/6
f 4188/21/6 4151/21/6 4189/21/6
f 4152/21/6 4153/21/6 4190/21/6
f 4190/21/6 4153/21/6 4191/21/6
f 4154/21/6 4155/21/6 4192/21/6
f 4192/21/6 4155/21/6 4193/21/6
f 4156/21/6 4157/21/6 4194/21/6
f 4194/21/6 4157/21/6 4195/21/6
f 4158/21/6 4159/21/6 4196/21/6
f 4196/21/6 4159/21/6 4197/21/6
f 4160/21/6 4161/21/6 4198/21/6
f 4198/21/6 4161/21/6 4199/21/6
f 4162/21/6 4163/21/6 4200/21/6
f 4200/21/6 4163/21/6 4201/21/6
f 4164/21/6 4165/21/6 4202/21/6
f 4202/21/6 4165/21/6 4203/21/6
f 4166/21/6 4167/21/6 4204/21/6
f 4204/21/6 4167/21/6 4205/21/6
f 4168/21/6 4169/21/6 4206/21/6
f 4206/21/6 4169/21/6 4207/21/6
f 4170/21/6 4171/21/6 4208/21/6
f 4208/21/6 4171/21/6 4209/21/6
f 4172/21/6 4173/21/6 4210/21/6
f 4210/21/6 4173/21/6 4211/21/6
f 4174/21/6 4175/21/6 4212/21/6
f 4212/21/6 4175/21/6 4213/21/6
f 4176/21/6 4177/21/6 4214/21/6
f 4214/21/6 4177/21/6 4215/21/6
f 4178/21/6 4179/21/6 4216/21/6
f 4216/21/6 4179/21/6 4217/21/6
f 4180/21/6 4181/21/6 4218/21/6
f 4218/21/6 4181/21/6 4219/21/6
f 4182/21/6 4183/21/6 4220/21/6
f 4220/21/6 4183/21/6 4221/21/6
f 4222/21/6 4223/21/6 4224/21/6
f 4224/21/6 4223/21/6 4225/21/6
f 4146/21/6 4184/21/6 4226/21/6
f 4226/21/6 4184/21/6 4227/21/6
f 4228/21/6 4229/21/6 4232/21/6
f 4232/21/6 4229/21/6 4233/21/6
f 4230/21/6 4231/21/6 4234/21/6
f 4234/21/6 4231/21/6 4235/21/6
f 4236/21/6 4237/21/6 4240/21/6
f 4240/21/6 4237/21/6 4241/21/6
f 4238/21/6 4239/21/6 4242/21/6
f 4242/21/6 4239/21/6 4243/21/6
f 4244/21/6 4245/21/6 4248/21/6
f 4248/21/6 4245/21/6 4249/21/6
f 4246/21/6 4247/21/6 4250/21/6
f 4250/21/6 4247/21/6 4251/21/6
f 4252/21/6 4253/21/6 4256/21/6
f 4256/21/6 4253/21/6 4257/21/6
f 4254/21/6 4255/21/6 4258/21/6
f 4258/21/6 4255/21/6 4259/21/6
f 4260/21/6 4261/21/6 4266/21/6
f 4266/21/6 4261/21/6 4267/21/6
f 4262/21/6 4263/21/6 4268/21/6
f 4268/21/6 4263/21/6 4269/21/6
f 4264/19/6 4265/19/6 4274/19/6
f 4274/19/6 4265/19/6 4275/19/6
f 4270/21/6 4271/21/6 4276/21/6
f 4276/21/6 4271/21/6 4277/21/6
f 4272/21/6 4273/21/6 4278/21/6
f 4278/21/6 4273/21/6 4279/21/6
f 4280/21/6 4281/21/6 4284/21/6
f 4284/21/6 4281/21/6 4285/21/6
f 4282/21/6 4283/21/6 4286/21/6
f 4286/21/6 4283/21/6 4287/21/6
f 4288/21/6 4289/21/6 4290/21/6
f 4290/21/6 4289/21/6 4291/21/6
f 4292/21/6 4293/21/6 4294/21/6
f 4294/21/6 4293/21/6 4295/21/6
f 4298/21/6 4299/21/6 4300/21/6
f 4300/21/6 4299/21/6 4301/21/6
f 4296/19/6 4297/19/6 4302/19/6
f 4302/19/6 4297/19/6 4303/19/6
f 4304/21/6 4305/21/6 4308/21/6
f 4308/21/6 4305/21/6 4309/21/6
f 4306/21/6 4307/21/6 4310/21/6
f 4310/21/6 4307/21/6 4311/21/6
f 4312/21/6 4313/21/6 4316/21/6
f 4316/21/6 4313/21/6 4317/21/6
f 4314/21/6 4315/21/6 4318/21/6
f 4318/21/6 4315/21/6 4319/21/6
f 4320/21/6 4321/21/6 4324/21/6
f 4324/21/6 4321/21/6 4325/21/6
f 4322/21/6 4323/21/6 4326/21/6
f 4326/21/6 4323/21/6 4327/21/6
f 4328/21/6 4329/21/6 4332/21/6
f 4332/21/6 4329/21/6 4333/21/6
f 4330/21/6 4331/21/6 4334/21/6
f 4334/21/6 4331/21/6 4335/21/6
f 4336/21/6 4337/21/6 4346/21/6
f 4346/21/6 4337/21/6 4347/21/6
f 4338/21/6 4339/21/6 4348/21/6
f 4348/21/6 4339/21/6 4349/21/6
f 4340/11/6 4341/11/6 4350/11/6
f 4350/11/6 4341/11/6 4351/11/6
f 4342/11/6 4343/11/6 4352/11/6
f 4352/11/6 4343/11/6 4353/11/6
f 4344/7/6 4345/7/6 4354/7/6
f 4354/7/6 4345/7/6 4355/7/6
f 4356/21/6 4357/21/6 4362/21/6
f 4362/21/6 4357/21/6 4363/21/6
f 4358/21/6 4359/21/6 4364/21/6
f 4364/21/6 4359/21/6 4365/21/6
f 4360/7/6 4361/7/6 4366/7/6
f 4366/7/6 4361/7/6 4367/7/6
f 4368/21/6 4369/21/6 4372/21/6
f 4372/21/6 4369/21/6 4373/21/6
f 4370/21/6 4371/21/6 4376/21/6
f 4374/21/6 4375/21/6 4413/21/6
f 4370/21/6 4376/21/6 4414/21/6
f 4376/21/6 4377/21/6 4414/21/6
f 4414/21/6 4377/21/6 4415/21/6
f 4378/21/6 4379/21/6 4416/21/6
f 4416/21/6 4379/21/6 4417/21/6
f 4380/21/6 4381/21/6 4418/21/6
f 4418/21/6 4381/21/6 4419/21/6
f 4382/21/6 4383/21/6 4420/21/6
f 4420/21/6 4383/21/6 4421/21/6
f 4384/21/6 4385/21/6 4422/21/6
f 4422/21/6 4385/21/6 4423/21/6
f 4386/21/6 4387/21/6 4424/21/6
f 4424/21/6 4387/21/6 4425/21/6
f 4388/21/6 4389/21/6 4426/21/6
f 4426/21/6 4389/21/6 4427/21/6
f 4390/21/6 4391/21/6 4428/21/6
f 4428/21/6 4391/21/6 4429/21/6
f 4392/21/6 4393/21/6 4430/21/6
f 4430/21/6 4393/21/6 4431/21/6
f 4394/21/6 4395/21/6 4432/21/6
f 4432/21/6 4395/21/6 4433/21/6
f 4396/21/6 4397/21/6 4434/21/6
f 4434/21/6 4397/21/6 4435/21/6
f 4398/21/6 4399/21/6 4436/21/6
f 4436/21/6 4399/21/6 4437/21/6
f 4400/21/6 4401/21/6 4438/21/6
f 4438/21/6 4401/21/6 4439/21/6
f 4402/21/6 4403/21/6 4440/21/6
f 4440/21/6 4403/21/6 4441/21/6
f 4404/21/6 4405/21/6 4442/21/6
f 4442/21/6 4405/21/6 4443/21/6
f 4406/21/6 4407/21/6 4444/21/6
f 4444/21/6 4407/21/6 4445/21/6
f 4408/21/6 4409/21/6 4446/21/6
f 4446/21/6 4409/21/6 4447/21/6
f 4410/21/6 4411/21/6 4448/21/6
f 4448/21/6 4411/21/6 4449/21/6
f 4412/21/6 4413/21/6 4450/21/6
f 4413/21/6 4375/21/6 4451/21/6
f 4450/21/6 4413/21/6 4451/21/6
f 4452/2/6 4453/2/6 4454/2/6
f 4454/2/6 4453/2/6 4455/2/6
f 4457/19/6 4458/19/6 4459/19/6
f 4459/19/6 4458/19/6 4460/19/6
f 4456/5/6 4457/5/6 4461/5/6
f 4457/19/6 4459/19/6 4462/19/6
f 4461/5/6 4457/5/6 4462/5/6
f 4459/5/6 4460/5/6 4463/5/6
f 4462/19/6 4459/19/6 4463/19/6
f 4463/5/6 4460/5/6 4464/5/6
f 4461/19/6 4462/19/6 4467/19/6
f 4462/5/6 4463/5/6 4468/5/6
f 4467/19/6 4462/19/6 4468/19/6
f 4463/19/6 4464/19/6 4469/19/6
f 4468/5/6 4463/5/6 4469/5/6
f 4469/19/6 4464/19/6 4470/19/6
f 4465/19/6 4466/19/6 4471/19/6
f 4471/19/6 4466/19/6 4472/19/6
f 4473/4/6 4474/4/6 4475/4/6
f 4475/4/6 4474/4/6 4476/4/6
f 4479/11/6 4480/11/6 4481/11/6
f 4481/11/6 4480/11/6 4482/11/6
f 4477/19/6 4478/19/6 4485/19/6
f 4485/19/6 4478/19/6 4486/19/6
f 4483/11/6 4484/11/6 4487/11/6
f 4487/11/6 4484/11/6 4488/11/6
f 4489/19/6 4490/19/6 4493/19/6
f 4493/19/6 4490/19/6 4494/19/6
f 4491/19/6 4492/19/6 4495/19/6
f 4495/19/6 4492/19/6 4496/19/6
f 4497/16/6 4498/16/6 4503/16/6
f 4503/16/6 4498/16/6 4504/16/6
f 4499/19/6 4500/19/6 4507/19/6
f 4507/19/6 4500/19/6 4508/19/6
f 4501/19/6 4502/19/6 4509/19/6
f 4509/19/6 4502/19/6 4510/19/6
f 4505/3/6 4506/3/6 4511/3/6
f 4511/3/6 4506/3/6 4512/3/6
f 4513/16/6 4514/16/6 4515/16/6
f 4515/16/6 4514/16/6 4516/16/6
f 4517/19/6 4518/19/6 4519/19/6
f 4519/19/6 4518/19/6 4520/19/6
f 4520/19/6 4518/19/6 4521/19/6
f 4521/19/6 4518/19/6 4522/19/6
f 4519/21/6 4520/21/6 4523/21/6
f 4520/19/6 4521/19/6 4524/19/6
f 4523/21/6 4520/21/6 4524/21/6
f 4521/21/6 4522/21/6 4525/21/6
f 4524/19/6 4521/19/6 4525/19/6
f 4525/21/6 4522/21/6 4526/21/6
f 4527/16/6 4528/16/6 4529/16/6
f 4529/16/6 4528/16/6 4530/16/6
f 4531/16/6 4532/16/6 4533/16/6
f 4533/16/6 4532/16/6 4534/16/6
f 4535/19/6 4536/19/6 4537/19/6
f 4537/19/6 4536/19/6 4538/19/6
f 4539/19/6 4540/19/6 4541/19/6
f 4541/19/6 4540/19/6 4542/19/6
f 4543/16/6 4544/16/6 4545/16/6
f 4545/16/6 4544/16/6 4546/16/6
f 4547/16/6 4548/16/6 4549/16/6
f 4549/16/6 4548/16/6 4550/16/6
f 4551/19/6 4552/19/6 4553/19/6
f 4553/19/6 4552/19/6 4554/19/6
f 4557/16/6 4558/16/6 4559/16/6
f 4559/16/6 4558/16/6 4560/16/6
f 4555/19/6 4556/19/6 4563/19/6
f 4563/19/6 4556/19/6 4564/19/6
f 4561/16/6 4562/16/6 4565/16/6
f 4565/16/6 4562/16/6 4566/16/6
f 4567/19/6 4568/19/6 4573/19/6
f 4573/19/6 4568/19/6 4574/19/6
f 4569/19/6 4570/19/6 4575/19/6
f 4575/19/6 4570/19/6 4576/19/6
f 4571/16/6 4572/16/6 4577/16/6
f 4577/16/6 4572/16/6 4578/16/6
f 4579/8/6 4580/8/6 4581/8/6
f 4581/8/6 4580/8/6 4582/8/6
f 4583/16/6 4584/16/6 4585/16/6
f 4585/16/6 4584/16/6 4586/16/6
f 4587/16/6 4588/16/6 4589/16/6
f 4589/16/6 4588/16/6 4590/16/6
f 4591/16/6 4592/16/6 4593/16/6
f 4593/16/6 4592/16/6 4594/16/6
f 4595/16/6 4596/16/6 4597/16/6
f 4597/16/6 4596/16/6 4598/16/6
f 4599/16/6 4600/16/6 4603/16/6
f 4603/16/6 4600/16/6 4604/16/6
f 4601/16/6 4602/16/6 4605/16/6
f 4605/16/6 4602/16/6 4606/16/6
f 4604/16/6 4600/16/6 4609/16/6
f 4609/16/6 4600/16/6 4610/16/6
f 4607/19/6 4608/19/6 4611/19/6
f 4611/19/6 4608/19/6 4612/19/6
f 4601/16/6 4605/16/6 4613/16/6
f 4613/16/6 4605/16/6 4614/16/6
f 4615/16/6 4616/16/6 4617/16/6
f 4617/16/6 4616/16/6 4618/16/6
f 4619/19/6 4620/19/6 4621/19/6
f 4621/19/6 4620/19/6 4622/19/6
f 4623/19/6 4624/19/6 4625/19/6
f 4625/19/6 4624/19/6 4626/19/6
f 4627/16/6 4628/16/6 4631/16/6
f 4631/16/6 4628/16/6 4632/16/6
f 4629/16/6 4630/16/6 4633/16/6
f 4633/16/6 4630/16/6 4634/16/6
f 4632/16/6 4628/16/6 4635/16/6
f 4635/16/6 4628/16/6 4636/16/6
f 4629/16/6 4633/16/6 4637/16/6
f 4637/16/6 4633/16/6 4638/16/6
f 4639/16/6 4640/16/6 4643/16/6
f 4643/16/6 4640/16/6 4644/16/6
f 4641/16/6 4642/16/6 4645/16/6
f 4645/16/6 4642/16/6 4646/16/6
f 4647/16/6 4648/16/6 4649/16/6
f 4649/16/6 4648/16/6 4650/16/6
f 4650/16/6 4648/16/6 4651/16/6
f 4651/16/6 4648/16/6 4652/16/6
f 4652/16/6 4648/16/6 4653/16/6
f 4653/16/6 4648/16/6 4654/16/6
f 4650/16/6 4651/16/6 4655/16/6
f 4655/16/6 4651/16/6 4656/16/6
f 4652/16/6 4653/16/6 4657/16/6
f 4657/16/6 4653/16/6 4658/16/6
f 4659/16/6 4660/16/6 4663/16/6
f 4663/16/6 4660/16/6 4664/16/6
f 4661/16/6 4662/16/6 4665/16/6
f 4665/16/6 4662/16/6 4666/16/6
f 4667/16/6 4668/16/6 4669/16/6
f 4669/16/6 4668/16/6 4670/16/6
f 4671/16/6 4672/16/6 4673/16/6
f 4673/16/6 4672/16/6 4674/16/6
f 4675/16/6 4676/16/6 4679/16/6
f 4677/16/6 4678/16/6 4679/16/6
f 4676/16/6 4677/16/6 4679/16/6
f 4679/16/6 4678/16/6 4680/16/6
f 4681/19/6 4682/19/6 4683/19/6
f 4683/19/6 4682/19/6 4684/19/6
f 4685/16/6 4686/16/6 4687/16/6
f 4687/16/6 4686/16/6 4688/16/6
f 4689/16/6 4690/16/6 4691/16/6
f 4691/16/6 4690/16/6 4692/16/6
f 4693/16/6 4694/16/6 4695/16/6
f 4695/16/6 4694/16/6 4696/16/6
f 4697/16/6 4698/16/6 4699/16/6
f 4699/16/6 4698/16/6 4700/16/6
f 4701/13/6 4702/13/6 4703/13/6
f 4703/13/6 4702/13/6 4704/13/6
f 4705/13/6 4706/13/6 4707/13/6
f 4707/13/6 4706/13/6 4708/13/6
f 4709/13/6 4710/13/6 4713/13/6
f 4711/13/6 4712/13/6 4714/13/6
f 4714/13/6 4712/13/6 4715/13/6
f 4709/13/6 4713/13/6 4716/13/6
f 4713/13/6 4714/13/6 4716/13/6
f 4716/13/6 4714/13/6 4717/13/6
f 4718/13/6 4719/13/6 4720/13/6
f 4720/13/6 4719/13/6 4721/13/6
f 4722/13/6 4723/13/6 4724/13/6
f 4724/13/6 4723/13/6 4725/13/6
f 4726/13/6 4727/13/6 4728/13/6
f 4728/13/6 4727/13/6 4729/13/6
